cluster_id,time_floor_4h,Total_Footprint,Violation_Count,hour,day_of_week,Is_Weekend,month,Lag_1_Shift,Lag_1_Day,Lag_1_Week,Target,Predicted_Next_Shift_Footprint,Predicted_Next_Shift_Impact,center_lat,center_lon,primary_violation
40,2024-04-08 12:00:00,0.0,0,12,0,0,4,29.0,0.0,0.0,0.0,3.1159058,1.4148589,12.995913215386853,77.69509218738801,NO PARKING
55,2024-04-08 12:00:00,5.0,2,12,0,0,4,9.0,4.0,0.0,0.0,1.8331406,1.0413859,12.93603939435484,77.61634141225807,NO PARKING
120,2024-04-08 12:00:00,0.0,0,12,0,0,4,19.0,0.0,0.0,0.0,1.5445311,0.9339464,13.185394776423358,77.68049685717696,NO PARKING
2,2024-04-08 12:00:00,28.0,11,12,0,0,4,72.0,0.0,0.0,0.0,1.3603795,0.85882235,12.991328399810762,77.54934134619667,WRONG PARKING
6,2024-04-08 12:00:00,0.0,0,12,0,0,4,18.0,0.0,0.0,0.0,1.3159957,0.8398397,12.983699533352581,77.60753924211326,WRONG PARKING
64,2024-04-08 12:00:00,0.0,0,12,0,0,4,12.0,0.0,0.0,0.0,1.252346,0.8119724,13.04772853537118,77.57561638279476,WRONG PARKING
18,2024-04-08 12:00:00,0.0,0,12,0,0,4,14.0,0.0,0.0,0.0,1.1845939,0.78143,13.070991500434921,77.58844753301868,WRONG PARKING
1,2024-04-08 12:00:00,0.0,0,12,0,0,4,7.0,0.0,0.0,7.0,0.5109713,0.41275272,12.975262861551327,77.57991706966656,WRONG PARKING
46,2024-04-08 12:00:00,0.0,0,12,0,0,4,3.0,0.0,0.0,0.0,0.250432,0.2234891,12.960976661914462,77.5115875197556,NO PARKING
131,2024-04-08 12:00:00,0.0,0,12,0,0,4,3.0,0.0,0.0,0.0,0.250432,0.2234891,12.900531024457308,77.67552813603474,NO PARKING
370,2024-04-08 12:00:00,0.0,0,12,0,0,4,3.0,0.0,0.0,0.0,0.250432,0.2234891,12.856574173670886,77.58889310253166,NO PARKING
382,2024-04-08 12:00:00,0.0,0,12,0,0,4,3.0,0.0,0.0,0.0,0.250432,0.2234891,13.025837966666666,77.62896699444444,WRONG PARKING
709,2024-04-08 12:00:00,0.0,0,12,0,0,4,0.0,0.0,0.0,0.0,0.017321816,0.017173503,12.8920474,77.5635884,NO PARKING
708,2024-04-08 12:00:00,0.0,0,12,0,0,4,0.0,0.0,0.0,0.0,0.017321816,0.017173503,13.03604451,77.57168134,WRONG PARKING
7,2024-04-08 12:00:00,0.0,0,12,0,0,4,0.0,0.0,0.0,0.0,0.017321816,0.017173503,13.019707624435485,77.53835777838711,WRONG PARKING
8,2024-04-08 12:00:00,0.0,0,12,0,0,4,0.0,0.0,0.0,0.0,0.017321816,0.017173503,12.943525966709634,77.57069763420284,WRONG PARKING
9,2024-04-08 12:00:00,0.0,0,12,0,0,4,0.0,0.0,0.0,0.0,0.017321816,0.017173503,13.0514757375,77.4935306375,WRONG PARKING
10,2024-04-08 12:00:00,0.0,0,12,0,0,4,0.0,0.0,0.0,0.0,0.017321816,0.017173503,12.95818978319149,77.5674831119149,PARKING IN A MAIN ROAD
11,2024-04-08 12:00:00,0.0,0,12,0,0,4,0.0,0.0,0.0,0.0,0.017321816,0.017173503,12.914643825443974,77.57429721938689,NO PARKING
12,2024-04-08 12:00:00,0.0,0,12,0,0,4,0.0,0.0,0.0,0.0,0.017321816,0.017173503,12.916839567346939,77.62308138979591,NO PARKING
13,2024-04-08 12:00:00,0.0,0,12,0,0,4,0.0,0.0,0.0,0.0,0.017321816,0.017173503,12.923330173458647,77.65111189902255,NO PARKING
14,2024-04-08 12:00:00,0.0,0,12,0,0,4,0.0,0.0,0.0,0.0,0.017321816,0.017173503,13.191241576269757,77.64621977286616,NO PARKING
15,2024-04-08 12:00:00,0.0,0,12,0,0,4,0.0,0.0,0.0,0.0,0.017321816,0.017173503,12.952908819009505,77.54182866412205,WRONG PARKING
16,2024-04-08 12:00:00,0.0,0,12,0,0,4,0.0,0.0,0.0,0.0,0.017321816,0.017173503,12.938113280357143,77.55620864821428,WRONG PARKING
17,2024-04-08 12:00:00,0.0,0,12,0,0,4,0.0,0.0,0.0,0.0,0.017321816,0.017173503,13.026376003846154,77.72058755961538,NO PARKING
19,2024-04-08 12:00:00,0.0,0,12,0,0,4,0.0,0.0,0.0,0.0,0.017321816,0.017173503,12.9260554375,77.5158938,NO PARKING
724,2024-04-08 12:00:00,0.0,0,12,0,0,4,0.0,0.0,0.0,0.0,0.017321816,0.017173503,12.974704518181818,77.65450890909091,PARKING IN A MAIN ROAD
21,2024-04-08 12:00:00,0.0,0,12,0,0,4,0.0,0.0,0.0,0.0,0.017321816,0.017173503,12.890399232674351,77.63888177191353,WRONG PARKING
22,2024-04-08 12:00:00,0.0,0,12,0,0,4,0.0,0.0,0.0,0.0,0.017321816,0.017173503,12.951254057792209,77.60714416493506,NO PARKING
23,2024-04-08 12:00:00,0.0,0,12,0,0,4,0.0,0.0,0.0,0.0,0.017321816,0.017173503,12.912435458956159,77.68091343340294,NO PARKING
24,2024-04-08 12:00:00,0.0,0,12,0,0,4,0.0,0.0,0.0,0.0,0.017321816,0.017173503,12.959352151463415,77.65581395325204,NO PARKING
25,2024-04-08 12:00:00,0.0,0,12,0,0,4,0.0,0.0,0.0,0.0,0.017321816,0.017173503,12.979129053073827,77.64030446324833,NO PARKING
26,2024-04-08 12:00:00,0.0,0,12,0,0,4,0.0,0.0,0.0,0.0,0.017321816,0.017173503,12.954413026923076,77.64093601538463,NO PARKING
27,2024-04-08 12:00:00,0.0,0,12,0,0,4,0.0,0.0,0.0,0.0,0.017321816,0.017173503,12.975725410217496,77.56030602171097,WRONG PARKING
28,2024-04-08 12:00:00,0.0,0,12,0,0,4,0.0,0.0,0.0,0.0,0.017321816,0.017173503,12.969135897508691,77.6434746983739,NO PARKING
29,2024-04-08 12:00:00,0.0,0,12,0,0,4,0.0,0.0,0.0,0.0,0.017321816,0.017173503,12.954128217199017,77.59167448501229,NO PARKING
30,2024-04-08 12:00:00,0.0,0,12,0,0,4,0.0,0.0,0.0,0.0,0.017321816,0.017173503,12.996934002807881,77.58419564857142,NO PARKING
31,2024-04-08 12:00:00,0.0,0,12,0,0,4,0.0,0.0,0.0,0.0,0.017321816,0.017173503,13.00466738077381,77.75710848619048,NO PARKING
32,2024-04-08 12:00:00,0.0,0,12,0,0,4,0.0,0.0,0.0,0.0,0.017321816,0.017173503,13.035565287987945,77.5890619933496,NO PARKING
33,2024-04-08 12:00:00,0.0,0,12,0,0,4,0.0,0.0,0.0,0.0,0.017321816,0.017173503,12.928207031219419,77.58336915567557,NO PARKING
34,2024-04-08 12:00:00,0.0,0,12,0,0,4,0.0,0.0,0.0,0.0,0.017321816,0.017173503,12.956360250808082,77.73165598626262,NO PARKING
35,2024-04-08 12:00:00,0.0,0,12,0,0,4,0.0,0.0,0.0,0.0,0.017321816,0.017173503,13.02110255625,77.528462209375,WRONG PARKING
36,2024-04-08 12:00:00,0.0,0,12,0,0,4,0.0,0.0,0.0,0.0,0.017321816,0.017173503,12.992605436730642,77.588953218544,WRONG PARKING
37,2024-04-08 12:00:00,0.0,0,12,0,0,4,0.0,0.0,0.0,0.0,0.017321816,0.017173503,13.05095445,77.5526802505102,NO PARKING
38,2024-04-08 12:00:00,0.0,0,12,0,0,4,0.0,0.0,0.0,0.0,0.017321816,0.017173503,13.049355908894011,77.49629582032259,WRONG PARKING
39,2024-04-08 12:00:00,0.0,0,12,0,0,4,0.0,0.0,0.0,0.0,0.017321816,0.017173503,12.910333316602564,77.55084736166667,PARKING IN A MAIN ROAD
41,2024-04-08 12:00:00,0.0,0,12,0,0,4,0.0,0.0,0.0,0.0,0.017321816,0.017173503,12.952925395454544,77.595533,WRONG PARKING
42,2024-04-08 12:00:00,0.0,0,12,0,0,4,0.0,0.0,0.0,0.0,0.017321816,0.017173503,12.959983744735391,77.6452325134344,NO PARKING
43,2024-04-08 12:00:00,0.0,0,12,0,0,4,0.0,0.0,0.0,0.0,0.017321816,0.017173503,12.818956049792531,77.68876697136929,PARKING IN A MAIN ROAD
44,2024-04-08 12:00:00,0.0,0,12,0,0,4,0.0,0.0,0.0,0.0,0.017321816,0.017173503,13.039888798820376,77.51860136294906,NO PARKING
45,2024-04-08 12:00:00,0.0,0,12,0,0,4,0.0,0.0,0.0,0.0,0.017321816,0.017173503,13.022322236872728,77.63873374756363,WRONG PARKING
47,2024-04-08 12:00:00,0.0,0,12,0,0,4,0.0,0.0,0.0,0.0,0.017321816,0.017173503,13.045957640677965,77.52229060694916,NO PARKING
48,2024-04-08 12:00:00,0.0,0,12,0,0,4,0.0,0.0,0.0,0.0,0.017321816,0.017173503,12.938720329336057,77.58454415107252,WRONG PARKING
49,2024-04-08 12:00:00,0.0,0,12,0,0,4,0.0,0.0,0.0,0.0,0.017321816,0.017173503,13.06377745,77.65069499130435,WRONG PARKING
50,2024-04-08 12:00:00,0.0,0,12,0,0,4,0.0,0.0,0.0,0.0,0.017321816,0.017173503,13.010325814285713,77.59107147142858,WRONG PARKING
51,2024-04-08 12:00:00,0.0,0,12,0,0,4,0.0,0.0,0.0,0.0,0.017321816,0.017173503,12.97157222631579,77.62999675263158,PARKING IN A MAIN ROAD
52,2024-04-08 12:00:00,0.0,0,12,0,0,4,0.0,0.0,0.0,0.0,0.017321816,0.017173503,12.9248311625,77.485278175,NO PARKING
53,2024-04-08 12:00:00,0.0,0,12,0,0,4,0.0,0.0,0.0,0.0,0.017321816,0.017173503,13.052757175000002,77.646082925,NO PARKING
54,2024-04-08 12:00:00,0.0,0,12,0,0,4,0.0,0.0,0.0,0.0,0.017321816,0.017173503,12.938901403780966,77.52168322359844,WRONG PARKING
56,2024-04-08 12:00:00,0.0,0,12,0,0,4,0.0,0.0,0.0,0.0,0.017321816,0.017173503,12.933677755555557,77.61976697407408,NO PARKING
57,2024-04-08 12:00:00,0.0,0,12,0,0,4,0.0,0.0,0.0,0.0,0.017321816,0.017173503,12.932047477431597,77.63126000204765,NO PARKING
58,2024-04-08 12:00:00,0.0,0,12,0,0,4,0.0,0.0,0.0,0.0,0.017321816,0.017173503,13.072013466371681,77.63372521769912,NO PARKING
59,2024-04-08 12:00:00,0.0,0,12,0,0,4,0.0,0.0,0.0,0.0,0.017321816,0.017173503,12.93840405030303,77.57993123212121,NO PARKING
60,2024-04-08 12:00:00,0.0,0,12,0,0,4,0.0,0.0,0.0,0.0,0.017321816,0.017173503,13.018395700345225,77.53163768250863,WRONG PARKING
61,2024-04-08 12:00:00,0.0,0,12,0,0,4,0.0,0.0,0.0,0.0,0.017321816,0.017173503,12.928405841774891,77.60954486796537,PARKING IN A MAIN ROAD
62,2024-04-08 12:00:00,0.0,0,12,0,0,4,0.0,0.0,0.0,0.0,0.017321816,0.017173503,13.097254623432304,77.59933732900237,WRONG PARKING
63,2024-04-08 12:00:00,0.0,0,12,0,0,4,0.0,0.0,0.0,0.0,0.017321816,0.017173503,12.9521339,77.49955143333334,NO PARKING
65,2024-04-08 12:00:00,0.0,0,12,0,0,4,0.0,0.0,0.0,0.0,0.017321816,0.017173503,13.005896265279999,77.526516728,NO PARKING
66,2024-04-08 12:00:00,0.0,0,12,0,0,4,0.0,0.0,0.0,0.0,0.017321816,0.017173503,12.9130812345,77.4808787682,NO PARKING
67,2024-04-08 12:00:00,0.0,0,12,0,0,4,0.0,0.0,0.0,0.0,0.017321816,0.017173503,12.96762565,77.56465159166667,NO PARKING
68,2024-04-08 12:00:00,0.0,0,12,0,0,4,0.0,0.0,0.0,0.0,0.017321816,0.017173503,13.050488885140563,77.5255347192771,NO PARKING
69,2024-04-08 12:00:00,0.0,0,12,0,0,4,0.0,0.0,0.0,0.0,0.017321816,0.017173503,13.099360019736842,77.58780906842105,NO PARKING
70,2024-04-08 12:00:00,0.0,0,12,0,0,4,0.0,0.0,0.0,0.0,0.017321816,0.017173503,13.000260081428573,77.53341428285714,WRONG PARKING
71,2024-04-08 12:00:00,0.0,0,12,0,0,4,0.0,0.0,0.0,0.0,0.017321816,0.017173503,13.029203421092376,77.53927980018328,NO PARKING
72,2024-04-08 12:00:00,0.0,0,12,0,0,4,0.0,0.0,0.0,0.0,0.017321816,0.017173503,13.121382652434455,77.61541967116105,WRONG PARKING
73,2024-04-08 12:00:00,0.0,0,12,0,0,4,0.0,0.0,0.0,0.0,0.017321816,0.017173503,13.010827275,77.658798675,NO PARKING
74,2024-04-08 12:00:00,0.0,0,12,0,0,4,0.0,0.0,0.0,0.0,0.017321816,0.017173503,12.938296238709677,77.74679973709678,PARKING IN A MAIN ROAD
75,2024-04-08 12:00:00,0.0,0,12,0,0,4,0.0,0.0,0.0,0.0,0.017321816,0.017173503,13.002599216666667,77.6612137,NO PARKING
76,2024-04-08 12:00:00,0.0,0,12,0,0,4,0.0,0.0,0.0,0.0,0.017321816,0.017173503,13.003515215492959,77.66278176056338,NO PARKING
77,2024-04-08 12:00:00,0.0,0,12,0,0,4,0.0,0.0,0.0,0.0,0.017321816,0.017173503,13.007644540000001,77.65884111,NO PARKING
78,2024-04-08 12:00:00,0.0,0,12,0,0,4,0.0,0.0,0.0,0.0,0.017321816,0.017173503,12.930901487651331,77.60663395472156,NO PARKING
79,2024-04-08 12:00:00,0.0,0,12,0,0,4,0.0,0.0,0.0,0.0,0.017321816,0.017173503,12.904359340816328,77.5878062265306,NO PARKING
80,2024-04-08 12:00:00,0.0,0,12,0,0,4,0.0,0.0,0.0,0.0,0.017321816,0.017173503,13.115409691666665,77.607038925,WRONG PARKING
81,2024-04-08 12:00:00,0.0,0,12,0,0,4,0.0,0.0,0.0,0.0,0.017321816,0.017173503,13.068121799999998,77.62942264193548,NO PARKING
82,2024-04-08 12:00:00,0.0,0,12,0,0,4,0.0,0.0,0.0,0.0,0.017321816,0.017173503,12.912870610150755,77.58603877701006,WRONG PARKING
83,2024-04-08 12:00:00,0.0,0,12,0,0,4,0.0,0.0,0.0,0.0,0.017321816,0.017173503,13.03027202,77.56288926827585,WRONG PARKING
84,2024-04-08 12:00:00,0.0,0,12,0,0,4,0.0,0.0,0.0,0.0,0.017321816,0.017173503,12.955776474705882,77.69268132176471,NO PARKING
85,2024-04-08 12:00:00,0.0,0,12,0,0,4,0.0,0.0,0.0,0.0,0.017321816,0.017173503,13.04583421885965,77.75027977368421,NO PARKING
86,2024-04-08 12:00:00,0.0,0,12,0,0,4,0.0,0.0,0.0,0.0,0.017321816,0.017173503,13.100002224999999,77.57959024166666,NO PARKING
87,2024-04-08 12:00:00,0.0,0,12,0,0,4,0.0,0.0,0.0,0.0,0.017321816,0.017173503,12.907812529790517,77.62948345540795,WRONG PARKING
88,2024-04-08 12:00:00,0.0,0,12,0,0,4,0.0,0.0,0.0,0.0,0.017321816,0.017173503,12.98335439125,77.75186992875,NO PARKING
89,2024-04-08 12:00:00,0.0,0,12,0,0,4,0.0,0.0,0.0,0.0,0.017321816,0.017173503,13.093635496774194,77.5942196471464,WRONG PARKING
90,2024-04-08 12:00:00,0.0,0,12,0,0,4,0.0,0.0,0.0,0.0,0.017321816,0.017173503,13.045429899245283,77.50701488226416,WRONG PARKING
91,2024-04-08 12:00:00,0.0,0,12,0,0,4,0.0,0.0,0.0,0.0,0.017321816,0.017173503,12.936806777464788,77.60173062347418,PARKING IN A MAIN ROAD
92,2024-04-08 12:00:00,0.0,0,12,0,0,4,0.0,0.0,0.0,0.0,0.017321816,0.017173503,12.989948270338164,77.5931157570773,NO PARKING
93,2024-04-08 12:00:00,0.0,0,12,0,0,4,0.0,0.0,0.0,0.0,0.017321816,0.017173503,13.018853708333333,77.63946075833333,NO PARKING
94,2024-04-08 12:00:00,0.0,0,12,0,0,4,0.0,0.0,0.0,0.0,0.017321816,0.017173503,12.958925325319148,77.66060645,PARKING IN A MAIN ROAD
95,2024-04-08 12:00:00,0.0,0,12,0,0,4,0.0,0.0,0.0,0.0,0.017321816,0.017173503,13.041920339809524,77.51444560380952,NO PARKING
96,2024-04-08 12:00:00,0.0,0,12,0,0,4,0.0,0.0,0.0,0.0,0.017321816,0.017173503,12.917441969183006,77.67216859395424,WRONG PARKING
97,2024-04-08 12:00:00,0.0,0,12,0,0,4,0.0,0.0,0.0,0.0,0.017321816,0.017173503,12.938214743769633,77.57688587465968,WRONG PARKING
98,2024-04-08 12:00:00,0.0,0,12,0,0,4,0.0,0.0,0.0,0.0,0.017321816,0.017173503,12.974769224302863,77.71128271880887,WRONG PARKING
99,2024-04-08 12:00:00,0.0,0,12,0,0,4,0.0,0.0,0.0,0.0,0.017321816,0.017173503,12.924582567967581,77.6191827478803,NO PARKING
100,2024-04-08 12:00:00,0.0,0,12,0,0,4,0.0,0.0,0.0,0.0,0.017321816,0.017173503,13.005352143612335,77.59388431674009,NO PARKING
101,2024-04-08 12:00:00,0.0,0,12,0,0,4,0.0,0.0,0.0,0.0,0.017321816,0.017173503,13.081696405660377,77.5482611064151,NO PARKING
102,2024-04-08 12:00:00,0.0,0,12,0,0,4,0.0,0.0,0.0,0.0,0.017321816,0.017173503,13.060721057119999,77.57669801048,WRONG PARKING
103,2024-04-08 12:00:00,0.0,0,12,0,0,4,0.0,0.0,0.0,0.0,0.017321816,0.017173503,12.993509466706263,77.66239214322894,NO PARKING
104,2024-04-08 12:00:00,0.0,0,12,0,0,4,0.0,0.0,0.0,0.0,0.017321816,0.017173503,12.9647544625,77.504837225,NO PARKING
105,2024-04-08 12:00:00,0.0,0,12,0,0,4,0.0,0.0,0.0,0.0,0.017321816,0.017173503,12.896648908045975,77.72005069310345,WRONG PARKING
106,2024-04-08 12:00:00,0.0,0,12,0,0,4,0.0,0.0,0.0,0.0,0.017321816,0.017173503,13.057287523502303,77.5469449046083,NO PARKING
107,2024-04-08 12:00:00,0.0,0,12,0,0,4,0.0,0.0,0.0,0.0,0.017321816,0.017173503,12.917050117647058,77.50018557647059,NO PARKING
108,2024-04-08 12:00:00,0.0,0,12,0,0,4,0.0,0.0,0.0,0.0,0.017321816,0.017173503,12.947549039647578,77.57992688678414,NO PARKING
109,2024-04-08 12:00:00,0.0,0,12,0,0,4,0.0,0.0,0.0,0.0,0.017321816,0.017173503,12.9124880632342,77.63608769582714,NO PARKING
110,2024-04-08 12:00:00,0.0,0,12,0,0,4,0.0,0.0,0.0,0.0,0.017321816,0.017173503,12.90643709079208,77.57282757792079,NO PARKING
111,2024-04-08 12:00:00,0.0,0,12,0,0,4,0.0,0.0,0.0,0.0,0.017321816,0.017173503,13.098999096078431,77.57710747745098,NO PARKING
112,2024-04-08 12:00:00,0.0,0,12,0,0,4,0.0,0.0,0.0,0.0,0.017321816,0.017173503,13.098524557142857,77.57362168214286,NO PARKING
113,2024-04-08 12:00:00,0.0,0,12,0,0,4,0.0,0.0,0.0,0.0,0.017321816,0.017173503,12.945150882033898,77.59541051745762,NO PARKING
114,2024-04-08 12:00:00,0.0,0,12,0,0,4,0.0,0.0,0.0,0.0,0.017321816,0.017173503,12.870561056921739,77.65487131050435,WRONG PARKING
115,2024-04-08 12:00:00,0.0,0,12,0,0,4,0.0,0.0,0.0,0.0,0.017321816,0.017173503,13.021672888535033,77.59259788980891,WRONG PARKING
116,2024-04-08 12:00:00,0.0,0,12,0,0,4,0.0,0.0,0.0,0.0,0.017321816,0.017173503,12.989561208935282,77.50312721096033,NO PARKING
117,2024-04-08 12:00:00,0.0,0,12,0,0,4,0.0,0.0,0.0,0.0,0.017321816,0.017173503,13.053528399447513,77.50763031933703,NO PARKING
118,2024-04-08 12:00:00,0.0,0,12,0,0,4,0.0,0.0,0.0,0.0,0.017321816,0.017173503,13.033605517103657,77.55793675262196,NO PARKING
119,2024-04-08 12:00:00,0.0,0,12,0,0,4,0.0,0.0,0.0,0.0,0.017321816,0.017173503,13.097715485714286,77.56373505714285,NO PARKING
121,2024-04-08 12:00:00,0.0,0,12,0,0,4,0.0,0.0,0.0,0.0,0.017321816,0.017173503,12.875969857020905,77.59582803188152,NO PARKING
122,2024-04-08 12:00:00,0.0,0,12,0,0,4,0.0,0.0,0.0,0.0,0.017321816,0.017173503,12.84183017348706,77.64608044631059,WRONG PARKING
123,2024-04-08 12:00:00,0.0,0,12,0,0,4,0.0,0.0,0.0,0.0,0.017321816,0.017173503,12.906867513307088,77.54605048165354,PARKING IN A MAIN ROAD
124,2024-04-08 12:00:00,0.0,0,12,0,0,4,0.0,0.0,0.0,0.0,0.017321816,0.017173503,12.888532128882835,77.56263689326975,NO PARKING
125,2024-04-08 12:00:00,0.0,0,12,0,0,4,0.0,0.0,0.0,0.0,0.017321816,0.017173503,12.9063283,77.58138778214285,NO PARKING
126,2024-04-08 12:00:00,0.0,0,12,0,0,4,0.0,0.0,0.0,0.0,0.017321816,0.017173503,12.869626109174312,77.53719936972477,WRONG PARKING
127,2024-04-08 12:00:00,0.0,0,12,0,0,4,0.0,0.0,0.0,0.0,0.017321816,0.017173503,12.985986092857143,77.48764547857142,NO PARKING
128,2024-04-08 12:00:00,0.0,0,12,0,0,4,0.0,0.0,0.0,0.0,0.017321816,0.017173503,13.06277185624333,77.58908703020276,WRONG PARKING
129,2024-04-08 12:00:00,0.0,0,12,0,0,4,0.0,0.0,0.0,0.0,0.017321816,0.017173503,12.919249851851852,77.54212892925926,WRONG PARKING
130,2024-04-08 12:00:00,0.0,0,12,0,0,4,0.0,0.0,0.0,0.0,0.017321816,0.017173503,12.974139827941176,77.50914353529413,NO PARKING
132,2024-04-08 12:00:00,0.0,0,12,0,0,4,0.0,0.0,0.0,0.0,0.017321816,0.017173503,13.027825612304625,77.57481781948165,WRONG PARKING
133,2024-04-08 12:00:00,0.0,0,12,0,0,4,0.0,0.0,0.0,0.0,0.017321816,0.017173503,12.983781301525424,77.52926960355931,WRONG PARKING
134,2024-04-08 12:00:00,0.0,0,12,0,0,4,0.0,0.0,0.0,0.0,0.017321816,0.017173503,12.960430857894735,77.50503992105264,NO PARKING
135,2024-04-08 12:00:00,0.0,0,12,0,0,4,0.0,0.0,0.0,0.0,0.017321816,0.017173503,12.936119257142856,77.60693821389961,NO PARKING
136,2024-04-08 12:00:00,0.0,0,12,0,0,4,0.0,0.0,0.0,0.0,0.017321816,0.017173503,13.12157805735294,77.63105448382353,NO PARKING
137,2024-04-08 12:00:00,0.0,0,12,0,0,4,0.0,0.0,0.0,0.0,0.017321816,0.017173503,13.035853702083335,77.56736418854167,NO PARKING
138,2024-04-08 12:00:00,0.0,0,12,0,0,4,0.0,0.0,0.0,0.0,0.017321816,0.017173503,13.072542499999999,77.50330128333333,NO PARKING
139,2024-04-08 12:00:00,0.0,0,12,0,0,4,0.0,0.0,0.0,0.0,0.017321816,0.017173503,12.892228190625,77.57208905,WRONG PARKING
140,2024-04-08 12:00:00,0.0,0,12,0,0,4,0.0,0.0,0.0,0.0,0.017321816,0.017173503,12.985452838750001,77.47982647625,WRONG PARKING
141,2024-04-08 12:00:00,0.0,0,12,0,0,4,0.0,0.0,0.0,0.0,0.017321816,0.017173503,12.89616439090909,77.5860019,NO PARKING
142,2024-04-08 12:00:00,0.0,0,12,0,0,4,0.0,0.0,0.0,0.0,0.017321816,0.017173503,12.903203322222222,77.62609602698411,NO PARKING
143,2024-04-08 12:00:00,0.0,0,12,0,0,4,0.0,0.0,0.0,0.0,0.017321816,0.017173503,12.905965638108109,77.54239151351352,WRONG PARKING
144,2024-04-08 12:00:00,0.0,0,12,0,0,4,0.0,0.0,0.0,0.0,0.017321816,0.017173503,13.040924029411764,77.61742901176471,NO PARKING
145,2024-04-08 12:00:00,0.0,0,12,0,0,4,0.0,0.0,0.0,0.0,0.017321816,0.017173503,13.019601983333335,77.61887031666667,WRONG PARKING
146,2024-04-08 12:00:00,0.0,0,12,0,0,4,0.0,0.0,0.0,0.0,0.017321816,0.017173503,12.944704058333334,77.60274100833334,WRONG PARKING
147,2024-04-08 12:00:00,0.0,0,12,0,0,4,0.0,0.0,0.0,0.0,0.017321816,0.017173503,12.9065195,77.57600836666667,WRONG PARKING
148,2024-04-08 12:00:00,0.0,0,12,0,0,4,0.0,0.0,0.0,0.0,0.017321816,0.017173503,12.931839565135135,77.51563337900902,NO PARKING
149,2024-04-08 12:00:00,0.0,0,12,0,0,4,0.0,0.0,0.0,0.0,0.017321816,0.017173503,13.035154463515902,77.62437359097173,NO PARKING
150,2024-04-08 12:00:00,0.0,0,12,0,0,4,0.0,0.0,0.0,0.0,0.017321816,0.017173503,12.978024143859649,77.75126136491227,NO PARKING
151,2024-04-08 12:00:00,0.0,0,12,0,0,4,0.0,0.0,0.0,0.0,0.017321816,0.017173503,12.972401283333333,77.75045453333333,PARKING IN A MAIN ROAD
152,2024-04-08 12:00:00,0.0,0,12,0,0,4,0.0,0.0,0.0,0.0,0.017321816,0.017173503,12.967912384705883,77.74959885436975,PARKING IN A MAIN ROAD
153,2024-04-08 12:00:00,0.0,0,12,0,0,4,0.0,0.0,0.0,0.0,0.017321816,0.017173503,12.985677442063492,77.58861940396825,WRONG PARKING
154,2024-04-08 12:00:00,0.0,0,12,0,0,4,0.0,0.0,0.0,0.0,0.017321816,0.017173503,13.037399520689656,77.5353894862069,NO PARKING
155,2024-04-08 12:00:00,0.0,0,12,0,0,4,0.0,0.0,0.0,0.0,0.017321816,0.017173503,13.0586345,77.58313520769231,WRONG PARKING
156,2024-04-08 12:00:00,0.0,0,12,0,0,4,0.0,0.0,0.0,0.0,0.017321816,0.017173503,13.05672459542214,77.59263581893057,WRONG PARKING
157,2024-04-08 12:00:00,0.0,0,12,0,0,4,0.0,0.0,0.0,0.0,0.017321816,0.017173503,12.985425736190477,77.59411276571429,NO PARKING
158,2024-04-08 12:00:00,0.0,0,12,0,0,4,0.0,0.0,0.0,0.0,0.017321816,0.017173503,12.91082069638009,77.64464253122172,NO PARKING
159,2024-04-08 12:00:00,0.0,0,12,0,0,4,0.0,0.0,0.0,0.0,0.017321816,0.017173503,13.00068802,77.53583509363636,WRONG PARKING
160,2024-04-08 12:00:00,0.0,0,12,0,0,4,0.0,0.0,0.0,0.0,0.017321816,0.017173503,12.920294406451614,77.64509275483871,NO PARKING
161,2024-04-08 12:00:00,0.0,0,12,0,0,4,0.0,0.0,0.0,0.0,0.017321816,0.017173503,12.987321999999999,77.56789349259259,NO PARKING
162,2024-04-08 12:00:00,0.0,0,12,0,0,4,0.0,0.0,0.0,0.0,0.017321816,0.017173503,12.861967502739725,77.53001930958904,WRONG PARKING
163,2024-04-08 12:00:00,0.0,0,12,0,0,4,0.0,0.0,0.0,0.0,0.017321816,0.017173503,12.835656334615383,77.67918780576923,PARKING ON FOOTPATH
164,2024-04-08 12:00:00,0.0,0,12,0,0,4,0.0,0.0,0.0,0.0,0.017321816,0.017173503,12.917151740000001,77.59606377958333,NO PARKING
165,2024-04-08 12:00:00,0.0,0,12,0,0,4,0.0,0.0,0.0,0.0,0.017321816,0.017173503,13.107559275,77.60235947272727,WRONG PARKING
166,2024-04-08 12:00:00,0.0,0,12,0,0,4,0.0,0.0,0.0,0.0,0.017321816,0.017173503,13.024721790291666,77.58526715330557,WRONG PARKING
167,2024-04-08 12:00:00,0.0,0,12,0,0,4,0.0,0.0,0.0,0.0,0.017321816,0.017173503,12.926700667062313,77.55075739643917,NO PARKING
168,2024-04-08 12:00:00,0.0,0,12,0,0,4,0.0,0.0,0.0,0.0,0.017321816,0.017173503,12.91732262820513,77.57830293025641,NO PARKING
169,2024-04-08 12:00:00,0.0,0,12,0,0,4,0.0,0.0,0.0,0.0,0.017321816,0.017173503,12.987122598506225,77.5195472514108,NO PARKING
170,2024-04-08 12:00:00,0.0,0,12,0,0,4,0.0,0.0,0.0,0.0,0.017321816,0.017173503,12.840483666658654,77.6768805490625,NO PARKING
171,2024-04-08 12:00:00,0.0,0,12,0,0,4,0.0,0.0,0.0,0.0,0.017321816,0.017173503,12.959787550877193,77.55845347017544,NO PARKING
172,2024-04-08 12:00:00,0.0,0,12,0,0,4,0.0,0.0,0.0,0.0,0.017321816,0.017173503,12.964384082833133,77.55400488559424,NO PARKING
173,2024-04-08 12:00:00,0.0,0,12,0,0,4,0.0,0.0,0.0,0.0,0.017321816,0.017173503,13.035440637499999,77.73536159711539,PARKING ON FOOTPATH
174,2024-04-08 12:00:00,0.0,0,12,0,0,4,0.0,0.0,0.0,0.0,0.017321816,0.017173503,12.924331853999998,77.628782286,WRONG PARKING
175,2024-04-08 12:00:00,0.0,0,12,0,0,4,0.0,0.0,0.0,0.0,0.017321816,0.017173503,12.87601398,77.61664992909091,NO PARKING
176,2024-04-08 12:00:00,0.0,0,12,0,0,4,0.0,0.0,0.0,0.0,0.017321816,0.017173503,13.013022274390243,77.6264171012195,NO PARKING
177,2024-04-08 12:00:00,0.0,0,12,0,0,4,0.0,0.0,0.0,0.0,0.017321816,0.017173503,12.968277521543211,77.70122342648149,NO PARKING
178,2024-04-08 12:00:00,0.0,0,12,0,0,4,0.0,0.0,0.0,0.0,0.017321816,0.017173503,12.950867449019608,77.59820754313725,WRONG PARKING
179,2024-04-08 12:00:00,0.0,0,12,0,0,4,0.0,0.0,0.0,0.0,0.017321816,0.017173503,12.8769107159116,77.54386401906078,WRONG PARKING
180,2024-04-08 12:00:00,0.0,0,12,0,0,4,0.0,0.0,0.0,0.0,0.017321816,0.017173503,12.915735919762845,77.65170410632412,NO PARKING
181,2024-04-08 12:00:00,0.0,0,12,0,0,4,0.0,0.0,0.0,0.0,0.017321816,0.017173503,12.909359045454545,77.65192097272728,WRONG PARKING
182,2024-04-08 12:00:00,0.0,0,12,0,0,4,0.0,0.0,0.0,0.0,0.017321816,0.017173503,12.974588505882352,77.59667620294118,WRONG PARKING
183,2024-04-08 12:00:00,0.0,0,12,0,0,4,0.0,0.0,0.0,0.0,0.017321816,0.017173503,12.89437858972973,77.65722500391891,NO PARKING
184,2024-04-08 12:00:00,0.0,0,12,0,0,4,0.0,0.0,0.0,0.0,0.017321816,0.017173503,12.88397190625,77.55072977,NO PARKING
185,2024-04-08 12:00:00,0.0,0,12,0,0,4,0.0,0.0,0.0,0.0,0.017321816,0.017173503,13.04564109375,77.54857411875,WRONG PARKING
186,2024-04-08 12:00:00,0.0,0,12,0,0,4,0.0,0.0,0.0,0.0,0.017321816,0.017173503,13.048570991666667,77.54989919166667,NO PARKING
187,2024-04-08 12:00:00,0.0,0,12,0,0,4,0.0,0.0,0.0,0.0,0.017321816,0.017173503,12.949266012903225,77.59726600430108,WRONG PARKING
188,2024-04-08 12:00:00,0.0,0,12,0,0,4,0.0,0.0,0.0,0.0,0.017321816,0.017173503,12.913072402500001,77.48593869214287,PARKING IN A MAIN ROAD
189,2024-04-08 12:00:00,0.0,0,12,0,0,4,0.0,0.0,0.0,0.0,0.017321816,0.017173503,12.98352598125,77.679850021875,PARKING OPPOSITE TO ANOTHER PARKED VEHICLE
190,2024-04-08 12:00:00,0.0,0,12,0,0,4,0.0,0.0,0.0,0.0,0.017321816,0.017173503,13.010751415714285,77.50628653285715,WRONG PARKING
191,2024-04-08 12:00:00,0.0,0,12,0,0,4,0.0,0.0,0.0,0.0,0.017321816,0.017173503,12.942258791089108,77.7472665980198,WRONG PARKING
192,2024-04-08 12:00:00,0.0,0,12,0,0,4,0.0,0.0,0.0,0.0,0.017321816,0.017173503,12.880639417125,77.6451080853125,WRONG PARKING
193,2024-04-08 12:00:00,0.0,0,12,0,0,4,0.0,0.0,0.0,0.0,0.017321816,0.017173503,13.0211239745,77.656961317,WRONG PARKING
194,2024-04-08 12:00:00,0.0,0,12,0,0,4,0.0,0.0,0.0,0.0,0.017321816,0.017173503,12.978914679770318,77.69530379904593,NO PARKING
195,2024-04-08 12:00:00,0.0,0,12,0,0,4,0.0,0.0,0.0,0.0,0.017321816,0.017173503,12.875619752112675,77.67084454788731,WRONG PARKING
196,2024-04-08 12:00:00,0.0,0,12,0,0,4,0.0,0.0,0.0,0.0,0.017321816,0.017173503,12.924016277777778,77.63938613333333,NO PARKING
197,2024-04-08 12:00:00,0.0,0,12,0,0,4,0.0,0.0,0.0,0.0,0.017321816,0.017173503,12.922130536036036,77.5806457954955,NO PARKING
198,2024-04-08 12:00:00,0.0,0,12,0,0,4,0.0,0.0,0.0,0.0,0.017321816,0.017173503,12.961938489436116,77.59841830306924,NO PARKING
199,2024-04-08 12:00:00,0.0,0,12,0,0,4,0.0,0.0,0.0,0.0,0.017321816,0.017173503,13.003463336486487,77.72349642094595,PARKING IN A MAIN ROAD
200,2024-04-08 12:00:00,0.0,0,12,0,0,4,0.0,0.0,0.0,0.0,0.017321816,0.017173503,13.019978381818182,77.55264008686869,WRONG PARKING
201,2024-04-08 12:00:00,0.0,0,12,0,0,4,0.0,0.0,0.0,0.0,0.017321816,0.017173503,12.963037930232558,77.55959308372093,NO PARKING
202,2024-04-08 12:00:00,0.0,0,12,0,0,4,0.0,0.0,0.0,0.0,0.017321816,0.017173503,13.034212962222222,77.530254895,WRONG PARKING
203,2024-04-08 12:00:00,0.0,0,12,0,0,4,0.0,0.0,0.0,0.0,0.017321816,0.017173503,12.962658801787123,77.71693010268068,WRONG PARKING
204,2024-04-08 12:00:00,0.0,0,12,0,0,4,0.0,0.0,0.0,0.0,0.017321816,0.017173503,12.99311925875,77.71663811723214,WRONG PARKING
205,2024-04-08 12:00:00,0.0,0,12,0,0,4,0.0,0.0,0.0,0.0,0.017321816,0.017173503,13.020042799999999,77.67455024,WRONG PARKING
206,2024-04-08 12:00:00,0.0,0,12,0,0,4,0.0,0.0,0.0,0.0,0.017321816,0.017173503,12.962008110714285,77.59394314285714,WRONG PARKING
207,2024-04-08 12:00:00,0.0,0,12,0,0,4,0.0,0.0,0.0,0.0,0.017321816,0.017173503,12.911528745,77.55846245833334,NO PARKING
208,2024-04-08 12:00:00,0.0,0,12,0,0,4,0.0,0.0,0.0,0.0,0.017321816,0.017173503,12.987432025818181,77.61869301136365,NO PARKING
209,2024-04-08 12:00:00,0.0,0,12,0,0,4,0.0,0.0,0.0,0.0,0.017321816,0.017173503,12.980253944444446,77.7244304,WRONG PARKING
210,2024-04-08 12:00:00,0.0,0,12,0,0,4,0.0,0.0,0.0,0.0,0.017321816,0.017173503,12.98378609032258,77.56807416774194,NO PARKING
211,2024-04-08 12:00:00,0.0,0,12,0,0,4,0.0,0.0,0.0,0.0,0.017321816,0.017173503,12.911905853846154,77.64908748461538,WRONG PARKING
212,2024-04-08 12:00:00,0.0,0,12,0,0,4,0.0,0.0,0.0,0.0,0.017321816,0.017173503,13.041343408333333,77.62175839166666,NO PARKING
213,2024-04-08 12:00:00,0.0,0,12,0,0,4,0.0,0.0,0.0,0.0,0.017321816,0.017173503,12.960413570212767,77.74730794042553,WRONG PARKING
214,2024-04-08 12:00:00,0.0,0,12,0,0,4,0.0,0.0,0.0,0.0,0.017321816,0.017173503,12.922312922857143,77.56076107928571,WRONG PARKING
215,2024-04-08 12:00:00,0.0,0,12,0,0,4,0.0,0.0,0.0,0.0,0.017321816,0.017173503,12.968761094736841,77.5592986368421,WRONG PARKING
216,2024-04-08 12:00:00,0.0,0,12,0,0,4,0.0,0.0,0.0,0.0,0.017321816,0.017173503,12.940118468461538,77.56439591384616,NO PARKING
217,2024-04-08 12:00:00,0.0,0,12,0,0,4,0.0,0.0,0.0,0.0,0.017321816,0.017173503,12.951439568421051,77.71746167328321,PARKING IN A MAIN ROAD
218,2024-04-08 12:00:00,0.0,0,12,0,0,4,0.0,0.0,0.0,0.0,0.017321816,0.017173503,13.036580030281689,77.574799378169,WRONG PARKING
219,2024-04-08 12:00:00,0.0,0,12,0,0,4,0.0,0.0,0.0,0.0,0.017321816,0.017173503,12.931521104347826,77.59255009565217,WRONG PARKING
220,2024-04-08 12:00:00,0.0,0,12,0,0,4,0.0,0.0,0.0,0.0,0.017321816,0.017173503,12.971627800826447,77.50760308264462,NO PARKING
221,2024-04-08 12:00:00,0.0,0,12,0,0,4,0.0,0.0,0.0,0.0,0.017321816,0.017173503,13.054274614285713,77.7629146247619,WRONG PARKING
222,2024-04-08 12:00:00,0.0,0,12,0,0,4,0.0,0.0,0.0,0.0,0.017321816,0.017173503,12.890560866666668,77.59800997777778,NO PARKING
223,2024-04-08 12:00:00,0.0,0,12,0,0,4,0.0,0.0,0.0,0.0,0.017321816,0.017173503,12.89735776097561,77.57126188926829,NO PARKING
224,2024-04-08 12:00:00,0.0,0,12,0,0,4,0.0,0.0,0.0,0.0,0.017321816,0.017173503,13.025163941666667,77.51112590583334,WRONG PARKING
225,2024-04-08 12:00:00,0.0,0,12,0,0,4,0.0,0.0,0.0,0.0,0.017321816,0.017173503,12.929848316666666,77.567117925,NO PARKING
226,2024-04-08 12:00:00,0.0,0,12,0,0,4,0.0,0.0,0.0,0.0,0.017321816,0.017173503,13.111468141666668,77.60486750833333,WRONG PARKING
227,2024-04-08 12:00:00,0.0,0,12,0,0,4,0.0,0.0,0.0,0.0,0.017321816,0.017173503,13.01413771147541,77.4921550590164,WRONG PARKING
228,2024-04-08 12:00:00,0.0,0,12,0,0,4,0.0,0.0,0.0,0.0,0.017321816,0.017173503,12.997367360000002,77.48973478,WRONG PARKING
229,2024-04-08 12:00:00,0.0,0,12,0,0,4,0.0,0.0,0.0,0.0,0.017321816,0.017173503,12.913773928843106,77.60664838779714,NO PARKING
230,2024-04-08 12:00:00,0.0,0,12,0,0,4,0.0,0.0,0.0,0.0,0.017321816,0.017173503,13.097972408333334,77.56755236666667,NO PARKING
231,2024-04-08 12:00:00,0.0,0,12,0,0,4,0.0,0.0,0.0,0.0,0.017321816,0.017173503,12.941454227272727,77.60868333675324,NO PARKING
232,2024-04-08 12:00:00,0.0,0,12,0,0,4,0.0,0.0,0.0,0.0,0.017321816,0.017173503,12.875935908982035,77.64791313263473,WRONG PARKING
233,2024-04-08 12:00:00,0.0,0,12,0,0,4,0.0,0.0,0.0,0.0,0.017321816,0.017173503,12.952628193333334,77.65252815666666,WRONG PARKING
234,2024-04-08 12:00:00,0.0,0,12,0,0,4,0.0,0.0,0.0,0.0,0.017321816,0.017173503,12.956668863,77.653639144,NO PARKING
235,2024-04-08 12:00:00,0.0,0,12,0,0,4,0.0,0.0,0.0,0.0,0.017321816,0.017173503,12.9076927040625,77.5329132665625,PARKING IN A MAIN ROAD
236,2024-04-08 12:00:00,0.0,0,12,0,0,4,0.0,0.0,0.0,0.0,0.017321816,0.017173503,13.085203484210528,77.48646901578948,WRONG PARKING
237,2024-04-08 12:00:00,0.0,0,12,0,0,4,0.0,0.0,0.0,0.0,0.017321816,0.017173503,13.014830152272726,77.76139586363637,WRONG PARKING
238,2024-04-08 12:00:00,0.0,0,12,0,0,4,0.0,0.0,0.0,0.0,0.017321816,0.017173503,13.009039814634146,77.75885258536586,NO PARKING
239,2024-04-08 12:00:00,0.0,0,12,0,0,4,0.0,0.0,0.0,0.0,0.017321816,0.017173503,12.971751408825911,77.6580902034008,NO PARKING
240,2024-04-08 12:00:00,0.0,0,12,0,0,4,0.0,0.0,0.0,0.0,0.017321816,0.017173503,12.973526671428573,77.64126451428571,WRONG PARKING
241,2024-04-08 12:00:00,0.0,0,12,0,0,4,0.0,0.0,0.0,0.0,0.017321816,0.017173503,12.994968087878789,77.6540693090909,NO PARKING
242,2024-04-08 12:00:00,0.0,0,12,0,0,4,0.0,0.0,0.0,0.0,0.017321816,0.017173503,13.197956196825396,77.70467385396826,NO PARKING
243,2024-04-08 12:00:00,0.0,0,12,0,0,4,0.0,0.0,0.0,0.0,0.017321816,0.017173503,13.199473283333333,77.70032203333334,NO PARKING
244,2024-04-08 12:00:00,0.0,0,12,0,0,4,0.0,0.0,0.0,0.0,0.017321816,0.017173503,12.906850488727272,77.69654913154547,WRONG PARKING
245,2024-04-08 12:00:00,0.0,0,12,0,0,4,0.0,0.0,0.0,0.0,0.017321816,0.017173503,13.011665443902437,77.56900065121951,WRONG PARKING
246,2024-04-08 12:00:00,0.0,0,12,0,0,4,0.0,0.0,0.0,0.0,0.017321816,0.017173503,13.023950067826087,77.6434518273913,WRONG PARKING
247,2024-04-08 12:00:00,0.0,0,12,0,0,4,0.0,0.0,0.0,0.0,0.017321816,0.017173503,13.199810838297873,77.67933685744681,NO PARKING
248,2024-04-08 12:00:00,0.0,0,12,0,0,4,0.0,0.0,0.0,0.0,0.017321816,0.017173503,13.059908504285715,77.50678627809523,NO PARKING
249,2024-04-08 12:00:00,0.0,0,12,0,0,4,0.0,0.0,0.0,0.0,0.017321816,0.017173503,13.161279831034483,77.62652933448275,WRONG PARKING
250,2024-04-08 12:00:00,0.0,0,12,0,0,4,0.0,0.0,0.0,0.0,0.017321816,0.017173503,12.986590257142858,77.64806567190476,PARKING IN A MAIN ROAD
251,2024-04-08 12:00:00,0.0,0,12,0,0,4,0.0,0.0,0.0,0.0,0.017321816,0.017173503,12.920071939344261,77.61039949508198,WRONG PARKING
252,2024-04-08 12:00:00,0.0,0,12,0,0,4,0.0,0.0,0.0,0.0,0.017321816,0.017173503,12.960981613793104,77.55092596896552,NO PARKING
253,2024-04-08 12:00:00,0.0,0,12,0,0,4,0.0,0.0,0.0,0.0,0.017321816,0.017173503,13.143383110647482,77.61783318251798,NO PARKING
254,2024-04-08 12:00:00,0.0,0,12,0,0,4,0.0,0.0,0.0,0.0,0.017321816,0.017173503,12.933515618181817,77.601328,NO PARKING
255,2024-04-08 12:00:00,0.0,0,12,0,0,4,0.0,0.0,0.0,0.0,0.017321816,0.017173503,12.970029399999998,77.73186528,PARKING IN A MAIN ROAD
256,2024-04-08 12:00:00,0.0,0,12,0,0,4,0.0,0.0,0.0,0.0,0.017321816,0.017173503,12.903771777654322,77.70394104691358,WRONG PARKING
257,2024-04-08 12:00:00,0.0,0,12,0,0,4,0.0,0.0,0.0,0.0,0.017321816,0.017173503,12.958774344827587,77.55884310689655,PARKING IN A MAIN ROAD
258,2024-04-08 12:00:00,0.0,0,12,0,0,4,0.0,0.0,0.0,0.0,0.017321816,0.017173503,13.019442450212765,77.70866767042554,WRONG PARKING
259,2024-04-08 12:00:00,0.0,0,12,0,0,4,0.0,0.0,0.0,0.0,0.017321816,0.017173503,12.92714002,77.57802628666667,NO PARKING
260,2024-04-08 12:00:00,0.0,0,12,0,0,4,0.0,0.0,0.0,0.0,0.017321816,0.017173503,13.047103369325152,77.50099397300613,WRONG PARKING
261,2024-04-08 12:00:00,0.0,0,12,0,0,4,0.0,0.0,0.0,0.0,0.017321816,0.017173503,12.994485027777777,77.75764796666667,NO PARKING
262,2024-04-08 12:00:00,0.0,0,12,0,0,4,0.0,0.0,0.0,0.0,0.017321816,0.017173503,12.891817566666667,77.58155147777778,WRONG PARKING
263,2024-04-08 12:00:00,0.0,0,12,0,0,4,0.0,0.0,0.0,0.0,0.017321816,0.017173503,13.049988242213116,77.59311201967213,NO PARKING
264,2024-04-08 12:00:00,0.0,0,12,0,0,4,0.0,0.0,0.0,0.0,0.017321816,0.017173503,12.906200970588236,77.59508839411764,NO PARKING
265,2024-04-08 12:00:00,0.0,0,12,0,0,4,0.0,0.0,0.0,0.0,0.017321816,0.017173503,12.935014614285715,77.60505817142858,NO PARKING
266,2024-04-08 12:00:00,0.0,0,12,0,0,4,0.0,0.0,0.0,0.0,0.017321816,0.017173503,12.969324964444445,77.73605062222222,PARKING IN A MAIN ROAD
267,2024-04-08 12:00:00,0.0,0,12,0,0,4,0.0,0.0,0.0,0.0,0.017321816,0.017173503,12.910456585714286,77.48218378571428,NO PARKING
268,2024-04-08 12:00:00,0.0,0,12,0,0,4,0.0,0.0,0.0,0.0,0.017321816,0.017173503,13.0035169125,77.61933032499999,WRONG PARKING
269,2024-04-08 12:00:00,0.0,0,12,0,0,4,0.0,0.0,0.0,0.0,0.017321816,0.017173503,13.244864861728395,77.71316079753086,NO PARKING
270,2024-04-08 12:00:00,0.0,0,12,0,0,4,0.0,0.0,0.0,0.0,0.017321816,0.017173503,13.079309397142858,77.55909916,WRONG PARKING
271,2024-04-08 12:00:00,0.0,0,12,0,0,4,0.0,0.0,0.0,0.0,0.017321816,0.017173503,12.9295149875,77.5728910875,NO PARKING
272,2024-04-08 12:00:00,0.0,0,12,0,0,4,0.0,0.0,0.0,0.0,0.017321816,0.017173503,12.943819477142856,77.57658428142858,WRONG PARKING
273,2024-04-08 12:00:00,0.0,0,12,0,0,4,0.0,0.0,0.0,0.0,0.017321816,0.017173503,12.923588317241379,77.57508373793102,NO PARKING
274,2024-04-08 12:00:00,0.0,0,12,0,0,4,0.0,0.0,0.0,0.0,0.017321816,0.017173503,13.043737649999999,77.51135916666667,WRONG PARKING
275,2024-04-08 12:00:00,0.0,0,12,0,0,4,0.0,0.0,0.0,0.0,0.017321816,0.017173503,12.93041006,77.67867446,NO PARKING
276,2024-04-08 12:00:00,0.0,0,12,0,0,4,0.0,0.0,0.0,0.0,0.017321816,0.017173503,12.910338016666666,77.59496361666666,WRONG PARKING
277,2024-04-08 12:00:00,0.0,0,12,0,0,4,0.0,0.0,0.0,0.0,0.017321816,0.017173503,13.020695370967742,77.61357114193548,WRONG PARKING
278,2024-04-08 12:00:00,0.0,0,12,0,0,4,0.0,0.0,0.0,0.0,0.017321816,0.017173503,12.938268876415094,77.59262558584906,NO PARKING
279,2024-04-08 12:00:00,0.0,0,12,0,0,4,0.0,0.0,0.0,0.0,0.017321816,0.017173503,12.971952100000001,77.52740035,NO PARKING
280,2024-04-08 12:00:00,0.0,0,12,0,0,4,0.0,0.0,0.0,0.0,0.017321816,0.017173503,12.995307536363638,77.60242233181818,NO PARKING
281,2024-04-08 12:00:00,0.0,0,12,0,0,4,0.0,0.0,0.0,0.0,0.017321816,0.017173503,12.893938561111112,77.56792829444446,NO PARKING
282,2024-04-08 12:00:00,0.0,0,12,0,0,4,0.0,0.0,0.0,0.0,0.017321816,0.017173503,12.95729172551789,77.51881231745763,NO PARKING
283,2024-04-08 12:00:00,0.0,0,12,0,0,4,0.0,0.0,0.0,0.0,0.017321816,0.017173503,12.93773148,77.54962497,WRONG PARKING
284,2024-04-08 12:00:00,0.0,0,12,0,0,4,0.0,0.0,0.0,0.0,0.017321816,0.017173503,12.94844613076923,77.60201327692309,WRONG PARKING
285,2024-04-08 12:00:00,0.0,0,12,0,0,4,0.0,0.0,0.0,0.0,0.017321816,0.017173503,13.015500715217392,77.54408123043478,WRONG PARKING
286,2024-04-08 12:00:00,0.0,0,12,0,0,4,0.0,0.0,0.0,0.0,0.017321816,0.017173503,12.878783266666666,77.67202658888888,WRONG PARKING
287,2024-04-08 12:00:00,0.0,0,12,0,0,4,0.0,0.0,0.0,0.0,0.017321816,0.017173503,12.894841708947368,77.59913146105264,NO PARKING
288,2024-04-08 12:00:00,0.0,0,12,0,0,4,0.0,0.0,0.0,0.0,0.017321816,0.017173503,12.901499509375,77.6604547515625,WRONG PARKING
289,2024-04-08 12:00:00,0.0,0,12,0,0,4,0.0,0.0,0.0,0.0,0.017321816,0.017173503,12.9835254,77.5856302375,NO PARKING
290,2024-04-08 12:00:00,0.0,0,12,0,0,4,0.0,0.0,0.0,0.0,0.017321816,0.017173503,13.004757976190476,77.56238754761905,WRONG PARKING
291,2024-04-08 12:00:00,0.0,0,12,0,0,4,0.0,0.0,0.0,0.0,0.017321816,0.017173503,12.976003003448275,77.5314314,WRONG PARKING
292,2024-04-08 12:00:00,0.0,0,12,0,0,4,0.0,0.0,0.0,0.0,0.017321816,0.017173503,13.047874013000001,77.542822383,WRONG PARKING
293,2024-04-08 12:00:00,0.0,0,12,0,0,4,0.0,0.0,0.0,0.0,0.017321816,0.017173503,12.99235889,77.59211757,WRONG PARKING
294,2024-04-08 12:00:00,0.0,0,12,0,0,4,0.0,0.0,0.0,0.0,0.017321816,0.017173503,12.934975759016393,77.53651790614755,NO PARKING
295,2024-04-08 12:00:00,0.0,0,12,0,0,4,0.0,0.0,0.0,0.0,0.017321816,0.017173503,13.002125656111112,77.63302435125,NO PARKING
296,2024-04-08 12:00:00,0.0,0,12,0,0,4,0.0,0.0,0.0,0.0,0.017321816,0.017173503,12.999466585185186,77.48873818333333,WRONG PARKING
297,2024-04-08 12:00:00,0.0,0,12,0,0,4,0.0,0.0,0.0,0.0,0.017321816,0.017173503,13.002953080000001,77.55974474,WRONG PARKING
298,2024-04-08 12:00:00,0.0,0,12,0,0,4,0.0,0.0,0.0,0.0,0.017321816,0.017173503,13.048938828571428,77.54766406285714,WRONG PARKING
299,2024-04-08 12:00:00,0.0,0,12,0,0,4,0.0,0.0,0.0,0.0,0.017321816,0.017173503,13.035724332222223,77.51417265066667,NO PARKING
300,2024-04-08 12:00:00,0.0,0,12,0,0,4,0.0,0.0,0.0,0.0,0.017321816,0.017173503,13.004456979591836,77.7111361387755,WRONG PARKING
301,2024-04-08 12:00:00,0.0,0,12,0,0,4,0.0,0.0,0.0,0.0,0.017321816,0.017173503,13.001022557142857,77.62752057142858,NO PARKING
302,2024-04-08 12:00:00,0.0,0,12,0,0,4,0.0,0.0,0.0,0.0,0.017321816,0.017173503,12.95010815483871,77.68973369677418,NO PARKING
303,2024-04-08 12:00:00,0.0,0,12,0,0,4,0.0,0.0,0.0,0.0,0.017321816,0.017173503,13.0314557,77.57716096666667,WRONG PARKING
304,2024-04-08 12:00:00,0.0,0,12,0,0,4,0.0,0.0,0.0,0.0,0.017321816,0.017173503,13.100752533333335,77.582284,NO PARKING
305,2024-04-08 12:00:00,0.0,0,12,0,0,4,0.0,0.0,0.0,0.0,0.017321816,0.017173503,12.886921333333333,77.565389575,WRONG PARKING
306,2024-04-08 12:00:00,0.0,0,12,0,0,4,0.0,0.0,0.0,0.0,0.017321816,0.017173503,13.021269183333333,77.70137299166667,NO PARKING
307,2024-04-08 12:00:00,0.0,0,12,0,0,4,0.0,0.0,0.0,0.0,0.017321816,0.017173503,12.902774714285714,77.65051081428571,NO PARKING
308,2024-04-08 12:00:00,0.0,0,12,0,0,4,0.0,0.0,0.0,0.0,0.017321816,0.017173503,12.883303375,77.54888608125,NO PARKING
309,2024-04-08 12:00:00,0.0,0,12,0,0,4,0.0,0.0,0.0,0.0,0.017321816,0.017173503,13.094922742105263,77.5973566736842,WRONG PARKING
310,2024-04-08 12:00:00,0.0,0,12,0,0,4,0.0,0.0,0.0,0.0,0.017321816,0.017173503,12.900129335294118,77.64707125882353,WRONG PARKING
311,2024-04-08 12:00:00,0.0,0,12,0,0,4,0.0,0.0,0.0,0.0,0.017321816,0.017173503,12.997898503867404,77.58139897016575,NO PARKING
312,2024-04-08 12:00:00,0.0,0,12,0,0,4,0.0,0.0,0.0,0.0,0.017321816,0.017173503,12.99383611875,77.57733779375,NO PARKING
313,2024-04-08 12:00:00,0.0,0,12,0,0,4,0.0,0.0,0.0,0.0,0.017321816,0.017173503,13.026767874285714,77.66107184428571,NO PARKING
314,2024-04-08 12:00:00,0.0,0,12,0,0,4,0.0,0.0,0.0,0.0,0.017321816,0.017173503,12.910487189473685,77.61003476842106,NO PARKING
315,2024-04-08 12:00:00,0.0,0,12,0,0,4,0.0,0.0,0.0,0.0,0.017321816,0.017173503,12.974417726923077,77.51321745,WRONG PARKING
316,2024-04-08 12:00:00,0.0,0,12,0,0,4,0.0,0.0,0.0,0.0,0.017321816,0.017173503,12.96669906,77.50517864000001,WRONG PARKING
317,2024-04-08 12:00:00,0.0,0,12,0,0,4,0.0,0.0,0.0,0.0,0.017321816,0.017173503,12.927338608196722,77.59710771639344,NO PARKING
318,2024-04-08 12:00:00,0.0,0,12,0,0,4,0.0,0.0,0.0,0.0,0.017321816,0.017173503,12.946051260579711,77.58761021000001,NO PARKING
319,2024-04-08 12:00:00,0.0,0,12,0,0,4,0.0,0.0,0.0,0.0,0.017321816,0.017173503,13.05868892,77.46640604999999,WRONG PARKING
320,2024-04-08 12:00:00,0.0,0,12,0,0,4,0.0,0.0,0.0,0.0,0.017321816,0.017173503,12.972552765,77.511908275,WRONG PARKING
321,2024-04-08 12:00:00,0.0,0,12,0,0,4,0.0,0.0,0.0,0.0,0.017321816,0.017173503,12.916641279999999,77.66862176,NO PARKING
322,2024-04-08 12:00:00,0.0,0,12,0,0,4,0.0,0.0,0.0,0.0,0.017321816,0.017173503,12.947409799999999,77.56444825999999,WRONG PARKING
323,2024-04-08 12:00:00,0.0,0,12,0,0,4,0.0,0.0,0.0,0.0,0.017321816,0.017173503,13.060786964102563,77.46124334102565,WRONG PARKING
324,2024-04-08 12:00:00,0.0,0,12,0,0,4,0.0,0.0,0.0,0.0,0.017321816,0.017173503,13.003533875,77.58382285,NO PARKING
325,2024-04-08 12:00:00,0.0,0,12,0,0,4,0.0,0.0,0.0,0.0,0.017321816,0.017173503,13.083547812676057,77.63763120422536,WRONG PARKING
326,2024-04-08 12:00:00,0.0,0,12,0,0,4,0.0,0.0,0.0,0.0,0.017321816,0.017173503,12.981942239130435,77.62411184782609,NO PARKING
327,2024-04-08 12:00:00,0.0,0,12,0,0,4,0.0,0.0,0.0,0.0,0.017321816,0.017173503,13.010753152459015,77.58359199180327,WRONG PARKING
328,2024-04-08 12:00:00,0.0,0,12,0,0,4,0.0,0.0,0.0,0.0,0.017321816,0.017173503,13.022774022222222,77.60082327222223,WRONG PARKING
329,2024-04-08 12:00:00,0.0,0,12,0,0,4,0.0,0.0,0.0,0.0,0.017321816,0.017173503,12.84270912,77.67441456,NO PARKING
330,2024-04-08 12:00:00,0.0,0,12,0,0,4,0.0,0.0,0.0,0.0,0.017321816,0.017173503,12.911854244444445,77.64132268888889,WRONG PARKING
331,2024-04-08 12:00:00,0.0,0,12,0,0,4,0.0,0.0,0.0,0.0,0.017321816,0.017173503,13.00068174,77.75752024,NO PARKING
332,2024-04-08 12:00:00,0.0,0,12,0,0,4,0.0,0.0,0.0,0.0,0.017321816,0.017173503,13.033286925,77.63783695,NO PARKING
333,2024-04-08 12:00:00,0.0,0,12,0,0,4,0.0,0.0,0.0,0.0,0.017321816,0.017173503,12.90801301197411,77.60082311488674,NO PARKING
334,2024-04-08 12:00:00,0.0,0,12,0,0,4,0.0,0.0,0.0,0.0,0.017321816,0.017173503,12.909095185714287,77.63808728571428,NO PARKING
335,2024-04-08 12:00:00,0.0,0,12,0,0,4,0.0,0.0,0.0,0.0,0.017321816,0.017173503,13.060791900000002,77.64879389000001,NO PARKING
336,2024-04-08 12:00:00,0.0,0,12,0,0,4,0.0,0.0,0.0,0.0,0.017321816,0.017173503,13.0550266125,77.53480345,WRONG PARKING
337,2024-04-08 12:00:00,0.0,0,12,0,0,4,0.0,0.0,0.0,0.0,0.017321816,0.017173503,12.881248979999999,77.60992092000001,NO PARKING
338,2024-04-08 12:00:00,0.0,0,12,0,0,4,0.0,0.0,0.0,0.0,0.017321816,0.017173503,13.006938225403227,77.57960286612902,NO PARKING
339,2024-04-08 12:00:00,0.0,0,12,0,0,4,0.0,0.0,0.0,0.0,0.017321816,0.017173503,12.947180806329113,77.59077118734177,NO PARKING
340,2024-04-08 12:00:00,0.0,0,12,0,0,4,0.0,0.0,0.0,0.0,0.017321816,0.017173503,13.122273614285714,77.63282028571429,NO PARKING
341,2024-04-08 12:00:00,0.0,0,12,0,0,4,0.0,0.0,0.0,0.0,0.017321816,0.017173503,12.855401208444444,77.6645300291111,PARKING IN A MAIN ROAD
342,2024-04-08 12:00:00,0.0,0,12,0,0,4,0.0,0.0,0.0,0.0,0.017321816,0.017173503,12.98859979,77.47274829,NO PARKING
343,2024-04-08 12:00:00,0.0,0,12,0,0,4,0.0,0.0,0.0,0.0,0.017321816,0.017173503,12.948439345714286,77.62764461428571,WRONG PARKING
344,2024-04-08 12:00:00,0.0,0,12,0,0,4,0.0,0.0,0.0,0.0,0.017321816,0.017173503,12.961635665217392,77.6152680326087,WRONG PARKING
345,2024-04-08 12:00:00,0.0,0,12,0,0,4,0.0,0.0,0.0,0.0,0.017321816,0.017173503,13.103541550000001,77.58434246666667,NO PARKING
346,2024-04-08 12:00:00,0.0,0,12,0,0,4,0.0,0.0,0.0,0.0,0.017321816,0.017173503,12.939014085714286,77.63231342857144,WRONG PARKING
347,2024-04-08 12:00:00,0.0,0,12,0,0,4,0.0,0.0,0.0,0.0,0.017321816,0.017173503,12.9523343,77.5797231,WRONG PARKING
348,2024-04-08 12:00:00,0.0,0,12,0,0,4,0.0,0.0,0.0,0.0,0.017321816,0.017173503,13.004544800000001,77.71710988181817,NO PARKING
349,2024-04-08 12:00:00,0.0,0,12,0,0,4,0.0,0.0,0.0,0.0,0.017321816,0.017173503,12.88294354445783,77.59658134391566,WRONG PARKING
350,2024-04-08 12:00:00,0.0,0,12,0,0,4,0.0,0.0,0.0,0.0,0.017321816,0.017173503,12.921103405263159,77.73637175789474,NO PARKING
351,2024-04-08 12:00:00,0.0,0,12,0,0,4,0.0,0.0,0.0,0.0,0.017321816,0.017173503,12.938768525,77.57837833214286,NO PARKING
352,2024-04-08 12:00:00,0.0,0,12,0,0,4,0.0,0.0,0.0,0.0,0.017321816,0.017173503,12.840304592857143,77.66327308571428,NO PARKING
353,2024-04-08 12:00:00,0.0,0,12,0,0,4,0.0,0.0,0.0,0.0,0.017321816,0.017173503,13.014534307692307,77.57427111538462,NO PARKING
354,2024-04-08 12:00:00,0.0,0,12,0,0,4,0.0,0.0,0.0,0.0,0.017321816,0.017173503,12.923184843333333,77.57841613333333,NO PARKING
355,2024-04-08 12:00:00,0.0,0,12,0,0,4,0.0,0.0,0.0,0.0,0.017321816,0.017173503,12.909757741935485,77.51337037741936,NO PARKING
356,2024-04-08 12:00:00,0.0,0,12,0,0,4,0.0,0.0,0.0,0.0,0.017321816,0.017173503,12.8988311,77.65118196875,NO PARKING
357,2024-04-08 12:00:00,0.0,0,12,0,0,4,0.0,0.0,0.0,0.0,0.017321816,0.017173503,13.031535570588234,77.62152774117646,NO PARKING
358,2024-04-08 12:00:00,0.0,0,12,0,0,4,0.0,0.0,0.0,0.0,0.017321816,0.017173503,13.057366104761906,77.47242951428572,WRONG PARKING
359,2024-04-08 12:00:00,0.0,0,12,0,0,4,0.0,0.0,0.0,0.0,0.017321816,0.017173503,12.969035271428572,77.59477898571429,WRONG PARKING
360,2024-04-08 12:00:00,0.0,0,12,0,0,4,0.0,0.0,0.0,0.0,0.017321816,0.017173503,12.901474275,77.59380956964286,NO PARKING
361,2024-04-08 12:00:00,0.0,0,12,0,0,4,0.0,0.0,0.0,0.0,0.017321816,0.017173503,12.922543686463413,77.62261416463414,NO PARKING
362,2024-04-08 12:00:00,0.0,0,12,0,0,4,0.0,0.0,0.0,0.0,0.017321816,0.017173503,12.916493992307693,77.52058697692308,WRONG PARKING
363,2024-04-08 12:00:00,0.0,0,12,0,0,4,0.0,0.0,0.0,0.0,0.017321816,0.017173503,12.991840812195123,77.65227046829268,NO PARKING
364,2024-04-08 12:00:00,0.0,0,12,0,0,4,0.0,0.0,0.0,0.0,0.017321816,0.017173503,13.041625083333335,77.54715331666667,WRONG PARKING
365,2024-04-08 12:00:00,0.0,0,12,0,0,4,0.0,0.0,0.0,0.0,0.017321816,0.017173503,12.983478270588236,77.76814476470588,NO PARKING
366,2024-04-08 12:00:00,0.0,0,12,0,0,4,0.0,0.0,0.0,0.0,0.017321816,0.017173503,13.04319380090909,77.59054369272727,WRONG PARKING
367,2024-04-08 12:00:00,0.0,0,12,0,0,4,0.0,0.0,0.0,0.0,0.017321816,0.017173503,12.980965091428573,77.53589508,WRONG PARKING
368,2024-04-08 12:00:00,0.0,0,12,0,0,4,0.0,0.0,0.0,0.0,0.017321816,0.017173503,13.000432135714286,77.56407600714286,WRONG PARKING
369,2024-04-08 12:00:00,0.0,0,12,0,0,4,0.0,0.0,0.0,0.0,0.017321816,0.017173503,13.084617766666666,77.63479873888889,NO PARKING
4,2024-04-08 12:00:00,0.0,0,12,0,0,4,0.0,0.0,0.0,0.0,0.017321816,0.017173503,13.00784740015569,77.69311595673766,WRONG PARKING
371,2024-04-08 12:00:00,0.0,0,12,0,0,4,0.0,0.0,0.0,0.0,0.017321816,0.017173503,13.068784787234042,77.62605123404255,NO PARKING
372,2024-04-08 12:00:00,0.0,0,12,0,0,4,0.0,0.0,0.0,0.0,0.017321816,0.017173503,13.0572038,77.64833924,WRONG PARKING
373,2024-04-08 12:00:00,0.0,0,12,0,0,4,0.0,0.0,0.0,0.0,0.017321816,0.017173503,12.952626044444445,77.61969437407407,NO PARKING
374,2024-04-08 12:00:00,0.0,0,12,0,0,4,0.0,0.0,0.0,0.0,0.017321816,0.017173503,12.846694970000001,77.672140985,NO PARKING
375,2024-04-08 12:00:00,0.0,0,12,0,0,4,0.0,0.0,0.0,0.0,0.017321816,0.017173503,13.248408386363637,77.71558661363636,WRONG PARKING
376,2024-04-08 12:00:00,0.0,0,12,0,0,4,0.0,0.0,0.0,0.0,0.017321816,0.017173503,12.850752700000001,77.58812748333334,NO PARKING
377,2024-04-08 12:00:00,0.0,0,12,0,0,4,0.0,0.0,0.0,0.0,0.017321816,0.017173503,12.899414449999998,77.64525959142857,PARKING IN A MAIN ROAD
378,2024-04-08 12:00:00,0.0,0,12,0,0,4,0.0,0.0,0.0,0.0,0.017321816,0.017173503,13.0133086675,77.66204758,NO PARKING
379,2024-04-08 12:00:00,0.0,0,12,0,0,4,0.0,0.0,0.0,0.0,0.017321816,0.017173503,12.959760637142859,77.51588670071429,WRONG PARKING
380,2024-04-08 12:00:00,0.0,0,12,0,0,4,0.0,0.0,0.0,0.0,0.017321816,0.017173503,13.054257281818183,77.58990576363637,WRONG PARKING
381,2024-04-08 12:00:00,0.0,0,12,0,0,4,0.0,0.0,0.0,0.0,0.017321816,0.017173503,12.891731377777777,77.66701931111112,NO PARKING
693,2024-04-08 12:00:00,0.0,0,12,0,0,4,0.0,0.0,0.0,0.0,0.017321816,0.017173503,12.980443683333334,77.51713883333333,WRONG PARKING
383,2024-04-08 12:00:00,0.0,0,12,0,0,4,0.0,0.0,0.0,0.0,0.017321816,0.017173503,12.994911525000001,77.618501175,WRONG PARKING
384,2024-04-08 12:00:00,0.0,0,12,0,0,4,0.0,0.0,0.0,0.0,0.017321816,0.017173503,12.883556637115383,77.75235374480769,WRONG PARKING
385,2024-04-08 12:00:00,0.0,0,12,0,0,4,0.0,0.0,0.0,0.0,0.017321816,0.017173503,12.944873965217392,77.49524996956521,NO PARKING
386,2024-04-08 12:00:00,0.0,0,12,0,0,4,0.0,0.0,0.0,0.0,0.017321816,0.017173503,13.052579489508197,77.48675330672133,WRONG PARKING
387,2024-04-08 12:00:00,0.0,0,12,0,0,4,0.0,0.0,0.0,0.0,0.017321816,0.017173503,13.004540699999998,77.61578466666667,WRONG PARKING
388,2024-04-08 12:00:00,0.0,0,12,0,0,4,0.0,0.0,0.0,0.0,0.017321816,0.017173503,12.9111864,77.60020039166666,NO PARKING
389,2024-04-08 12:00:00,0.0,0,12,0,0,4,0.0,0.0,0.0,0.0,0.017321816,0.017173503,12.909095800000001,77.6807463,WRONG PARKING
390,2024-04-08 12:00:00,0.0,0,12,0,0,4,0.0,0.0,0.0,0.0,0.017321816,0.017173503,13.028918452380951,77.66400555714286,NO PARKING
391,2024-04-08 12:00:00,0.0,0,12,0,0,4,0.0,0.0,0.0,0.0,0.017321816,0.017173503,13.05662357,77.651725295,WRONG PARKING
392,2024-04-08 12:00:00,0.0,0,12,0,0,4,0.0,0.0,0.0,0.0,0.017321816,0.017173503,12.917937233333333,77.57159666666666,WRONG PARKING
393,2024-04-08 12:00:00,0.0,0,12,0,0,4,0.0,0.0,0.0,0.0,0.017321816,0.017173503,12.960812549850598,77.52833827694222,WRONG PARKING
394,2024-04-08 12:00:00,0.0,0,12,0,0,4,0.0,0.0,0.0,0.0,0.017321816,0.017173503,13.02754365,77.632505975,WRONG PARKING
395,2024-04-08 12:00:00,0.0,0,12,0,0,4,0.0,0.0,0.0,0.0,0.017321816,0.017173503,12.93118848,77.60094762,WRONG PARKING
396,2024-04-08 12:00:00,0.0,0,12,0,0,4,0.0,0.0,0.0,0.0,0.017321816,0.017173503,13.041938888372094,77.6135513232558,WRONG PARKING
397,2024-04-08 12:00:00,0.0,0,12,0,0,4,0.0,0.0,0.0,0.0,0.017321816,0.017173503,12.950636107692308,77.57808746153846,WRONG PARKING
398,2024-04-08 12:00:00,0.0,0,12,0,0,4,0.0,0.0,0.0,0.0,0.017321816,0.017173503,13.07145395,77.60754321666667,NO PARKING
399,2024-04-08 12:00:00,0.0,0,12,0,0,4,0.0,0.0,0.0,0.0,0.017321816,0.017173503,12.948161616666667,77.55920059444445,NO PARKING
400,2024-04-08 12:00:00,0.0,0,12,0,0,4,0.0,0.0,0.0,0.0,0.017321816,0.017173503,13.010627614285713,77.53598062857142,NO PARKING
401,2024-04-08 12:00:00,0.0,0,12,0,0,4,0.0,0.0,0.0,0.0,0.017321816,0.017173503,13.045509112371136,77.62711825670104,NO PARKING
402,2024-04-08 12:00:00,0.0,0,12,0,0,4,0.0,0.0,0.0,0.0,0.017321816,0.017173503,12.916734466666668,77.61523368333333,NO PARKING
403,2024-04-08 12:00:00,0.0,0,12,0,0,4,0.0,0.0,0.0,0.0,0.017321816,0.017173503,12.98579171368421,77.64505684631578,WRONG PARKING
404,2024-04-08 12:00:00,0.0,0,12,0,0,4,0.0,0.0,0.0,0.0,0.017321816,0.017173503,12.914030731034483,77.66667892413793,NO PARKING
405,2024-04-08 12:00:00,0.0,0,12,0,0,4,0.0,0.0,0.0,0.0,0.017321816,0.017173503,13.0151354,77.53722284999999,WRONG PARKING
406,2024-04-08 12:00:00,0.0,0,12,0,0,4,0.0,0.0,0.0,0.0,0.017321816,0.017173503,13.043620121052632,77.5536246894737,WRONG PARKING
407,2024-04-08 12:00:00,0.0,0,12,0,0,4,0.0,0.0,0.0,0.0,0.017321816,0.017173503,12.9594639975,77.65208506875,NO PARKING
408,2024-04-08 12:00:00,0.0,0,12,0,0,4,0.0,0.0,0.0,0.0,0.017321816,0.017173503,12.930005833333333,77.62948,NO PARKING
409,2024-04-08 12:00:00,0.0,0,12,0,0,4,0.0,0.0,0.0,0.0,0.017321816,0.017173503,12.932812400000001,77.55723348571428,NO PARKING
410,2024-04-08 12:00:00,0.0,0,12,0,0,4,0.0,0.0,0.0,0.0,0.017321816,0.017173503,13.079472062499999,77.6339695375,NO PARKING
411,2024-04-08 12:00:00,0.0,0,12,0,0,4,0.0,0.0,0.0,0.0,0.017321816,0.017173503,13.070357519999998,77.50395055999999,WRONG PARKING
412,2024-04-08 12:00:00,0.0,0,12,0,0,4,0.0,0.0,0.0,0.0,0.017321816,0.017173503,13.008323309523808,77.48431117142857,WRONG PARKING
413,2024-04-08 12:00:00,0.0,0,12,0,0,4,0.0,0.0,0.0,0.0,0.017321816,0.017173503,12.955432196428571,77.74386510119048,NO PARKING
414,2024-04-08 12:00:00,0.0,0,12,0,0,4,0.0,0.0,0.0,0.0,0.017321816,0.017173503,13.031536792857143,77.50365327142858,WRONG PARKING
415,2024-04-08 12:00:00,0.0,0,12,0,0,4,0.0,0.0,0.0,0.0,0.017321816,0.017173503,12.987432831185945,77.73454871273792,PARKING ON FOOTPATH
416,2024-04-08 12:00:00,0.0,0,12,0,0,4,0.0,0.0,0.0,0.0,0.017321816,0.017173503,13.06776923,77.44936356000001,WRONG PARKING
417,2024-04-08 12:00:00,0.0,0,12,0,0,4,0.0,0.0,0.0,0.0,0.017321816,0.017173503,13.03270975,77.5540141125,WRONG PARKING
418,2024-04-08 12:00:00,0.0,0,12,0,0,4,0.0,0.0,0.0,0.0,0.017321816,0.017173503,13.0691002,77.44719123333333,WRONG PARKING
419,2024-04-08 12:00:00,0.0,0,12,0,0,4,0.0,0.0,0.0,0.0,0.017321816,0.017173503,12.942307411764705,77.54839280588236,WRONG PARKING
420,2024-04-08 12:00:00,0.0,0,12,0,0,4,0.0,0.0,0.0,0.0,0.017321816,0.017173503,13.013150571428572,77.53469619642858,NO PARKING
421,2024-04-08 12:00:00,0.0,0,12,0,0,4,0.0,0.0,0.0,0.0,0.017321816,0.017173503,12.93093924,77.60278100000001,WRONG PARKING
422,2024-04-08 12:00:00,0.0,0,12,0,0,4,0.0,0.0,0.0,0.0,0.017321816,0.017173503,12.9389859375,77.54768324999999,WRONG PARKING
423,2024-04-08 12:00:00,0.0,0,12,0,0,4,0.0,0.0,0.0,0.0,0.017321816,0.017173503,12.811438557142859,77.69434148571428,PARKING ON FOOTPATH
424,2024-04-08 12:00:00,0.0,0,12,0,0,4,0.0,0.0,0.0,0.0,0.017321816,0.017173503,12.923674475555554,77.65495921111112,WRONG PARKING
425,2024-04-08 12:00:00,0.0,0,12,0,0,4,0.0,0.0,0.0,0.0,0.017321816,0.017173503,13.051345399999999,77.49008102,WRONG PARKING
426,2024-04-08 12:00:00,0.0,0,12,0,0,4,0.0,0.0,0.0,0.0,0.017321816,0.017173503,13.086987325,77.63519075,NO PARKING
427,2024-04-08 12:00:00,0.0,0,12,0,0,4,0.0,0.0,0.0,0.0,0.017321816,0.017173503,12.806284307499999,77.6984549725,PARKING IN A MAIN ROAD
428,2024-04-08 12:00:00,0.0,0,12,0,0,4,0.0,0.0,0.0,0.0,0.017321816,0.017173503,12.961627547619049,77.53372883809523,WRONG PARKING
429,2024-04-08 12:00:00,0.0,0,12,0,0,4,0.0,0.0,0.0,0.0,0.017321816,0.017173503,12.965105216000001,77.60409258133333,NO PARKING
430,2024-04-08 12:00:00,0.0,0,12,0,0,4,0.0,0.0,0.0,0.0,0.017321816,0.017173503,13.048533533333334,77.64546166666666,NO PARKING
431,2024-04-08 12:00:00,0.0,0,12,0,0,4,0.0,0.0,0.0,0.0,0.017321816,0.017173503,13.080246157142856,77.50226381428571,NO PARKING
432,2024-04-08 12:00:00,0.0,0,12,0,0,4,0.0,0.0,0.0,0.0,0.017321816,0.017173503,12.8803569559375,77.6411244428125,WRONG PARKING
433,2024-04-08 12:00:00,0.0,0,12,0,0,4,0.0,0.0,0.0,0.0,0.017321816,0.017173503,13.068124516666666,77.63361305,NO PARKING
434,2024-04-08 12:00:00,0.0,0,12,0,0,4,0.0,0.0,0.0,0.0,0.017321816,0.017173503,12.938415265277778,77.49284734722222,NO PARKING
435,2024-04-08 12:00:00,0.0,0,12,0,0,4,0.0,0.0,0.0,0.0,0.017321816,0.017173503,13.00070070805369,77.59592600872483,WRONG PARKING
436,2024-04-08 12:00:00,0.0,0,12,0,0,4,0.0,0.0,0.0,0.0,0.017321816,0.017173503,12.954835249999999,77.68019488,NO PARKING
437,2024-04-08 12:00:00,0.0,0,12,0,0,4,0.0,0.0,0.0,0.0,0.017321816,0.017173503,12.972194591304346,77.63134075652174,PARKING IN A MAIN ROAD
438,2024-04-08 12:00:00,0.0,0,12,0,0,4,0.0,0.0,0.0,0.0,0.017321816,0.017173503,12.92522164117647,77.4987947117647,PARKING IN A MAIN ROAD
439,2024-04-08 12:00:00,0.0,0,12,0,0,4,0.0,0.0,0.0,0.0,0.017321816,0.017173503,13.00043552,77.599681635,WRONG PARKING
440,2024-04-08 12:00:00,0.0,0,12,0,0,4,0.0,0.0,0.0,0.0,0.017321816,0.017173503,12.979682545161289,77.51086141935484,NO PARKING
441,2024-04-08 12:00:00,0.0,0,12,0,0,4,0.0,0.0,0.0,0.0,0.017321816,0.017173503,12.91698876,77.62911956,WRONG PARKING
442,2024-04-08 12:00:00,0.0,0,12,0,0,4,0.0,0.0,0.0,0.0,0.017321816,0.017173503,12.987340736842105,77.47550461578948,WRONG PARKING
443,2024-04-08 12:00:00,0.0,0,12,0,0,4,0.0,0.0,0.0,0.0,0.017321816,0.017173503,12.984988091333332,77.544828686,NO PARKING
444,2024-04-08 12:00:00,0.0,0,12,0,0,4,0.0,0.0,0.0,0.0,0.017321816,0.017173503,12.948200901428573,77.50593293285715,WRONG PARKING
445,2024-04-08 12:00:00,0.0,0,12,0,0,4,0.0,0.0,0.0,0.0,0.017321816,0.017173503,12.86076215,77.66022276666666,NO PARKING
446,2024-04-08 12:00:00,0.0,0,12,0,0,4,0.0,0.0,0.0,0.0,0.017321816,0.017173503,12.949756083333334,77.48838226666668,WRONG PARKING
447,2024-04-08 12:00:00,0.0,0,12,0,0,4,0.0,0.0,0.0,0.0,0.017321816,0.017173503,13.036905050000001,77.50435436666667,WRONG PARKING
448,2024-04-08 12:00:00,0.0,0,12,0,0,4,0.0,0.0,0.0,0.0,0.017321816,0.017173503,12.9679779,77.534209,WRONG PARKING
449,2024-04-08 12:00:00,0.0,0,12,0,0,4,0.0,0.0,0.0,0.0,0.017321816,0.017173503,12.871219120000001,77.57029623999999,WRONG PARKING
450,2024-04-08 12:00:00,0.0,0,12,0,0,4,0.0,0.0,0.0,0.0,0.017321816,0.017173503,12.882631625,77.5464031125,WRONG PARKING
451,2024-04-08 12:00:00,0.0,0,12,0,0,4,0.0,0.0,0.0,0.0,0.017321816,0.017173503,12.885847061538461,77.5707874,WRONG PARKING
452,2024-04-08 12:00:00,0.0,0,12,0,0,4,0.0,0.0,0.0,0.0,0.017321816,0.017173503,12.873998100000001,77.64574502222223,WRONG PARKING
453,2024-04-08 12:00:00,0.0,0,12,0,0,4,0.0,0.0,0.0,0.0,0.017321816,0.017173503,12.99604562,77.59605046,WRONG PARKING
454,2024-04-08 12:00:00,0.0,0,12,0,0,4,0.0,0.0,0.0,0.0,0.017321816,0.017173503,12.964033091666666,77.53446458333333,NO PARKING
455,2024-04-08 12:00:00,0.0,0,12,0,0,4,0.0,0.0,0.0,0.0,0.017321816,0.017173503,12.998129413157894,77.60562266052631,WRONG PARKING
456,2024-04-08 12:00:00,0.0,0,12,0,0,4,0.0,0.0,0.0,0.0,0.017321816,0.017173503,12.93575709,77.51276661,PARKING IN A MAIN ROAD
457,2024-04-08 12:00:00,0.0,0,12,0,0,4,0.0,0.0,0.0,0.0,0.017321816,0.017173503,13.03609488,77.5191144,WRONG PARKING
458,2024-04-08 12:00:00,0.0,0,12,0,0,4,0.0,0.0,0.0,0.0,0.017321816,0.017173503,12.92459031111111,77.56431411111112,WRONG PARKING
459,2024-04-08 12:00:00,0.0,0,12,0,0,4,0.0,0.0,0.0,0.0,0.017321816,0.017173503,13.02285530487805,77.56295304878049,WRONG PARKING
460,2024-04-08 12:00:00,0.0,0,12,0,0,4,0.0,0.0,0.0,0.0,0.017321816,0.017173503,12.979857275454545,77.65252345727274,NO PARKING
461,2024-04-08 12:00:00,0.0,0,12,0,0,4,0.0,0.0,0.0,0.0,0.017321816,0.017173503,12.987417077272728,77.58258061363637,NO PARKING
462,2024-04-08 12:00:00,0.0,0,12,0,0,4,0.0,0.0,0.0,0.0,0.017321816,0.017173503,12.827370608333332,77.68220315416666,PARKING IN A MAIN ROAD
463,2024-04-08 12:00:00,0.0,0,12,0,0,4,0.0,0.0,0.0,0.0,0.017321816,0.017173503,12.999233093809522,77.62466627809523,NO PARKING
464,2024-04-08 12:00:00,0.0,0,12,0,0,4,0.0,0.0,0.0,0.0,0.017321816,0.017173503,12.889929720000001,77.66911566,NO PARKING
465,2024-04-08 12:00:00,0.0,0,12,0,0,4,0.0,0.0,0.0,0.0,0.017321816,0.017173503,12.93982618,77.69054622,NO PARKING
466,2024-04-08 12:00:00,0.0,0,12,0,0,4,0.0,0.0,0.0,0.0,0.017321816,0.017173503,12.921444718181817,77.63849843181818,NO PARKING
467,2024-04-08 12:00:00,0.0,0,12,0,0,4,0.0,0.0,0.0,0.0,0.017321816,0.017173503,13.01816405,77.6539953875,NO PARKING
468,2024-04-08 12:00:00,0.0,0,12,0,0,4,0.0,0.0,0.0,0.0,0.017321816,0.017173503,12.915535541379311,77.69870208965516,WRONG PARKING
469,2024-04-08 12:00:00,0.0,0,12,0,0,4,0.0,0.0,0.0,0.0,0.017321816,0.017173503,12.9385784,77.71762257500001,WRONG PARKING
470,2024-04-08 12:00:00,0.0,0,12,0,0,4,0.0,0.0,0.0,0.0,0.017321816,0.017173503,12.9065288275,77.578055645,NO PARKING
471,2024-04-08 12:00:00,0.0,0,12,0,0,4,0.0,0.0,0.0,0.0,0.017321816,0.017173503,12.914834237142857,77.55354819,PARKING IN A MAIN ROAD
472,2024-04-08 12:00:00,0.0,0,12,0,0,4,0.0,0.0,0.0,0.0,0.017321816,0.017173503,13.067690568421051,77.58034744736842,WRONG PARKING
473,2024-04-08 12:00:00,0.0,0,12,0,0,4,0.0,0.0,0.0,0.0,0.017321816,0.017173503,12.842843266666668,77.6419475,NO PARKING
474,2024-04-08 12:00:00,0.0,0,12,0,0,4,0.0,0.0,0.0,0.0,0.017321816,0.017173503,13.010891757142858,77.58998307142858,WRONG PARKING
475,2024-04-08 12:00:00,0.0,0,12,0,0,4,0.0,0.0,0.0,0.0,0.017321816,0.017173503,13.0288137875,77.63131865,PARKING IN A MAIN ROAD
476,2024-04-08 12:00:00,0.0,0,12,0,0,4,0.0,0.0,0.0,0.0,0.017321816,0.017173503,13.183011200000001,77.67647545,NO PARKING
477,2024-04-08 12:00:00,0.0,0,12,0,0,4,0.0,0.0,0.0,0.0,0.017321816,0.017173503,12.958571602000001,77.668240934,WRONG PARKING
478,2024-04-08 12:00:00,0.0,0,12,0,0,4,0.0,0.0,0.0,0.0,0.017321816,0.017173503,13.032940334210526,77.62733595526315,NO PARKING
479,2024-04-08 12:00:00,0.0,0,12,0,0,4,0.0,0.0,0.0,0.0,0.017321816,0.017173503,12.95429641875,77.62253419375,WRONG PARKING
480,2024-04-08 12:00:00,0.0,0,12,0,0,4,0.0,0.0,0.0,0.0,0.017321816,0.017173503,13.045564471428571,77.55659398571429,NO PARKING
481,2024-04-08 12:00:00,0.0,0,12,0,0,4,0.0,0.0,0.0,0.0,0.017321816,0.017173503,12.960106076190476,77.6661243904762,NO PARKING
482,2024-04-08 12:00:00,0.0,0,12,0,0,4,0.0,0.0,0.0,0.0,0.017321816,0.017173503,13.160774227777777,77.59561080555555,NO PARKING
483,2024-04-08 12:00:00,0.0,0,12,0,0,4,0.0,0.0,0.0,0.0,0.017321816,0.017173503,12.938246206349206,77.53334206031747,WRONG PARKING
484,2024-04-08 12:00:00,0.0,0,12,0,0,4,0.0,0.0,0.0,0.0,0.017321816,0.017173503,13.063589927272726,77.57198726363636,WRONG PARKING
485,2024-04-08 12:00:00,0.0,0,12,0,0,4,0.0,0.0,0.0,0.0,0.017321816,0.017173503,12.887153133333333,77.59675,WRONG PARKING
486,2024-04-08 12:00:00,0.0,0,12,0,0,4,0.0,0.0,0.0,0.0,0.017321816,0.017173503,12.928406042857144,77.59994172857144,NO PARKING
487,2024-04-08 12:00:00,0.0,0,12,0,0,4,0.0,0.0,0.0,0.0,0.017321816,0.017173503,12.987995380000001,77.49422616,PARKING IN A MAIN ROAD
488,2024-04-08 12:00:00,0.0,0,12,0,0,4,0.0,0.0,0.0,0.0,0.017321816,0.017173503,12.938106747368423,77.62135861052631,WRONG PARKING
489,2024-04-08 12:00:00,0.0,0,12,0,0,4,0.0,0.0,0.0,0.0,0.017321816,0.017173503,13.0329966625,77.6294348875,NO PARKING
490,2024-04-08 12:00:00,0.0,0,12,0,0,4,0.0,0.0,0.0,0.0,0.017321816,0.017173503,12.85432268,77.66211305,NO PARKING
491,2024-04-08 12:00:00,0.0,0,12,0,0,4,0.0,0.0,0.0,0.0,0.017321816,0.017173503,13.150695942857142,77.61951494285714,PARKING IN A MAIN ROAD
492,2024-04-08 12:00:00,0.0,0,12,0,0,4,0.0,0.0,0.0,0.0,0.017321816,0.017173503,12.974930384615384,77.64497476153846,NO PARKING
493,2024-04-08 12:00:00,0.0,0,12,0,0,4,0.0,0.0,0.0,0.0,0.017321816,0.017173503,13.0221675,77.60285048333333,NO PARKING
494,2024-04-08 12:00:00,0.0,0,12,0,0,4,0.0,0.0,0.0,0.0,0.017321816,0.017173503,13.060431102941177,77.65208905441176,NO PARKING
495,2024-04-08 12:00:00,0.0,0,12,0,0,4,0.0,0.0,0.0,0.0,0.017321816,0.017173503,13.031841700000001,77.5682215,NO PARKING
496,2024-04-08 12:00:00,0.0,0,12,0,0,4,0.0,0.0,0.0,0.0,0.017321816,0.017173503,13.002530418181818,77.61566536363637,WRONG PARKING
497,2024-04-08 12:00:00,0.0,0,12,0,0,4,0.0,0.0,0.0,0.0,0.017321816,0.017173503,13.0419070375,77.5572676375,NO PARKING
498,2024-04-08 12:00:00,0.0,0,12,0,0,4,0.0,0.0,0.0,0.0,0.017321816,0.017173503,13.017360095238095,77.70461603809524,NO PARKING
499,2024-04-08 12:00:00,0.0,0,12,0,0,4,0.0,0.0,0.0,0.0,0.017321816,0.017173503,13.026462047826087,77.58867375652174,WRONG PARKING
500,2024-04-08 12:00:00,0.0,0,12,0,0,4,0.0,0.0,0.0,0.0,0.017321816,0.017173503,13.02472117027027,77.59029875675675,NO PARKING
501,2024-04-08 12:00:00,0.0,0,12,0,0,4,0.0,0.0,0.0,0.0,0.017321816,0.017173503,12.91689827142857,77.58956701428572,WRONG PARKING
502,2024-04-08 12:00:00,0.0,0,12,0,0,4,0.0,0.0,0.0,0.0,0.017321816,0.017173503,12.8911425,77.595118325,NO PARKING
503,2024-04-08 12:00:00,0.0,0,12,0,0,4,0.0,0.0,0.0,0.0,0.017321816,0.017173503,12.882792744444444,77.60985503333333,NO PARKING
504,2024-04-08 12:00:00,0.0,0,12,0,0,4,0.0,0.0,0.0,0.0,0.017321816,0.017173503,12.993745139999998,77.58513902,NO PARKING
505,2024-04-08 12:00:00,0.0,0,12,0,0,4,0.0,0.0,0.0,0.0,0.017321816,0.017173503,12.938023095833332,77.59869678333332,NO PARKING
506,2024-04-08 12:00:00,0.0,0,12,0,0,4,0.0,0.0,0.0,0.0,0.017321816,0.017173503,12.958832072727272,77.52501314545454,NO PARKING
507,2024-04-08 12:00:00,0.0,0,12,0,0,4,0.0,0.0,0.0,0.0,0.017321816,0.017173503,12.988893833333334,77.58222278333334,NO PARKING
508,2024-04-08 12:00:00,0.0,0,12,0,0,4,0.0,0.0,0.0,0.0,0.017321816,0.017173503,12.971728015263158,77.64957470578948,PARKING IN A MAIN ROAD
509,2024-04-08 12:00:00,0.0,0,12,0,0,4,0.0,0.0,0.0,0.0,0.017321816,0.017173503,13.068826031250001,77.53009701375001,WRONG PARKING
510,2024-04-08 12:00:00,0.0,0,12,0,0,4,0.0,0.0,0.0,0.0,0.017321816,0.017173503,12.875207853333334,77.63990234666667,WRONG PARKING
511,2024-04-08 12:00:00,0.0,0,12,0,0,4,0.0,0.0,0.0,0.0,0.017321816,0.017173503,12.962884170857143,77.73295218171428,NO PARKING
512,2024-04-08 12:00:00,0.0,0,12,0,0,4,0.0,0.0,0.0,0.0,0.017321816,0.017173503,12.888837619230769,77.67215296,PARKING IN A MAIN ROAD
513,2024-04-08 12:00:00,0.0,0,12,0,0,4,0.0,0.0,0.0,0.0,0.017321816,0.017173503,12.891936908,77.631976596,WRONG PARKING
514,2024-04-08 12:00:00,0.0,0,12,0,0,4,0.0,0.0,0.0,0.0,0.017321816,0.017173503,13.0045895625,77.6601714,NO PARKING
515,2024-04-08 12:00:00,0.0,0,12,0,0,4,0.0,0.0,0.0,0.0,0.017321816,0.017173503,12.94347008,77.53860004,NO PARKING
516,2024-04-08 12:00:00,0.0,0,12,0,0,4,0.0,0.0,0.0,0.0,0.017321816,0.017173503,13.010857690909091,77.59516163181819,NO PARKING
517,2024-04-08 12:00:00,0.0,0,12,0,0,4,0.0,0.0,0.0,0.0,0.017321816,0.017173503,12.956268588235293,77.64873038823531,NO PARKING
518,2024-04-08 12:00:00,0.0,0,12,0,0,4,0.0,0.0,0.0,0.0,0.017321816,0.017173503,12.889722458,77.636522516,WRONG PARKING
519,2024-04-08 12:00:00,0.0,0,12,0,0,4,0.0,0.0,0.0,0.0,0.017321816,0.017173503,13.060633983333332,77.58937370000001,WRONG PARKING
520,2024-04-08 12:00:00,0.0,0,12,0,0,4,0.0,0.0,0.0,0.0,0.017321816,0.017173503,12.8935967,77.5628,NO PARKING
521,2024-04-08 12:00:00,0.0,0,12,0,0,4,0.0,0.0,0.0,0.0,0.017321816,0.017173503,12.830629683333333,77.68126675,PARKING IN A MAIN ROAD
522,2024-04-08 12:00:00,0.0,0,12,0,0,4,0.0,0.0,0.0,0.0,0.017321816,0.017173503,12.872579838888889,77.56651447777777,WRONG PARKING
523,2024-04-08 12:00:00,0.0,0,12,0,0,4,0.0,0.0,0.0,0.0,0.017321816,0.017173503,12.988424191666667,77.72943736666666,NO PARKING
524,2024-04-08 12:00:00,0.0,0,12,0,0,4,0.0,0.0,0.0,0.0,0.017321816,0.017173503,12.918467166666666,77.68639341666666,NO PARKING
525,2024-04-08 12:00:00,0.0,0,12,0,0,4,0.0,0.0,0.0,0.0,0.017321816,0.017173503,12.91740652,77.68876644,NO PARKING
526,2024-04-08 12:00:00,0.0,0,12,0,0,4,0.0,0.0,0.0,0.0,0.017321816,0.017173503,12.948854072,77.499664298,WRONG PARKING
527,2024-04-08 12:00:00,0.0,0,12,0,0,4,0.0,0.0,0.0,0.0,0.017321816,0.017173503,12.905911642857143,77.55816121428572,NO PARKING
528,2024-04-08 12:00:00,0.0,0,12,0,0,4,0.0,0.0,0.0,0.0,0.017321816,0.017173503,13.026447874999999,77.5617825375,WRONG PARKING
529,2024-04-08 12:00:00,0.0,0,12,0,0,4,0.0,0.0,0.0,0.0,0.017321816,0.017173503,13.196643166666666,77.70880658333333,NO PARKING
530,2024-04-08 12:00:00,0.0,0,12,0,0,4,0.0,0.0,0.0,0.0,0.017321816,0.017173503,13.24218082857143,77.70400994285716,NO PARKING
531,2024-04-08 12:00:00,0.0,0,12,0,0,4,0.0,0.0,0.0,0.0,0.017321816,0.017173503,12.92901922857143,77.5679649,WRONG PARKING
532,2024-04-08 12:00:00,0.0,0,12,0,0,4,0.0,0.0,0.0,0.0,0.017321816,0.017173503,12.85093054137931,77.65745046896551,WRONG PARKING
533,2024-04-08 12:00:00,0.0,0,12,0,0,4,0.0,0.0,0.0,0.0,0.017321816,0.017173503,12.86090215,77.58992536666666,NO PARKING
534,2024-04-08 12:00:00,0.0,0,12,0,0,4,0.0,0.0,0.0,0.0,0.017321816,0.017173503,12.824919616666667,77.68361141666666,PARKING IN A MAIN ROAD
535,2024-04-08 12:00:00,0.0,0,12,0,0,4,0.0,0.0,0.0,0.0,0.017321816,0.017173503,13.019932344444445,77.562367,NO PARKING
536,2024-04-08 12:00:00,0.0,0,12,0,0,4,0.0,0.0,0.0,0.0,0.017321816,0.017173503,13.029171684,77.58095856599999,WRONG PARKING
537,2024-04-08 12:00:00,0.0,0,12,0,0,4,0.0,0.0,0.0,0.0,0.017321816,0.017173503,12.989459109090909,77.61329202727273,NO PARKING
538,2024-04-08 12:00:00,0.0,0,12,0,0,4,0.0,0.0,0.0,0.0,0.017321816,0.017173503,12.887470221052633,77.73848478421053,PARKING NEAR BUSTOP/SCHOOL/HOSPITAL ETC
539,2024-04-08 12:00:00,0.0,0,12,0,0,4,0.0,0.0,0.0,0.0,0.017321816,0.017173503,12.921105916666667,77.57296846666667,NO PARKING
540,2024-04-08 12:00:00,0.0,0,12,0,0,4,0.0,0.0,0.0,0.0,0.017321816,0.017173503,12.924150377142857,77.55328446571427,WRONG PARKING
541,2024-04-08 12:00:00,0.0,0,12,0,0,4,0.0,0.0,0.0,0.0,0.017321816,0.017173503,12.82304172173913,77.68559496086957,PARKING IN A MAIN ROAD
542,2024-04-08 12:00:00,0.0,0,12,0,0,4,0.0,0.0,0.0,0.0,0.017321816,0.017173503,12.98782895882353,77.66380619411765,WRONG PARKING
543,2024-04-08 12:00:00,0.0,0,12,0,0,4,0.0,0.0,0.0,0.0,0.017321816,0.017173503,13.057503536363635,77.62657059090908,NO PARKING
544,2024-04-08 12:00:00,0.0,0,12,0,0,4,0.0,0.0,0.0,0.0,0.017321816,0.017173503,13.0238133,77.71636588888889,NO PARKING
545,2024-04-08 12:00:00,0.0,0,12,0,0,4,0.0,0.0,0.0,0.0,0.017321816,0.017173503,13.203805575,77.6779025125,NO PARKING
546,2024-04-08 12:00:00,0.0,0,12,0,0,4,0.0,0.0,0.0,0.0,0.017321816,0.017173503,13.020627041666666,77.76217858333334,NO PARKING
547,2024-04-08 12:00:00,0.0,0,12,0,0,4,0.0,0.0,0.0,0.0,0.017321816,0.017173503,12.990977667333334,77.68761646533333,WRONG PARKING
548,2024-04-08 12:00:00,0.0,0,12,0,0,4,0.0,0.0,0.0,0.0,0.017321816,0.017173503,12.972648047777778,77.70062029111111,NO PARKING
549,2024-04-08 12:00:00,0.0,0,12,0,0,4,0.0,0.0,0.0,0.0,0.017321816,0.017173503,12.97194974,77.65370034,NO PARKING
550,2024-04-08 12:00:00,0.0,0,12,0,0,4,0.0,0.0,0.0,0.0,0.017321816,0.017173503,12.98377321,77.69188587,WRONG PARKING
551,2024-04-08 12:00:00,0.0,0,12,0,0,4,0.0,0.0,0.0,0.0,0.017321816,0.017173503,12.994990251428572,77.68963067285715,WRONG PARKING
552,2024-04-08 12:00:00,0.0,0,12,0,0,4,0.0,0.0,0.0,0.0,0.017321816,0.017173503,12.989036350000001,77.727921075,PARKING IN A MAIN ROAD
553,2024-04-08 12:00:00,0.0,0,12,0,0,4,0.0,0.0,0.0,0.0,0.017321816,0.017173503,12.9677776,77.50247336,WRONG PARKING
554,2024-04-08 12:00:00,0.0,0,12,0,0,4,0.0,0.0,0.0,0.0,0.017321816,0.017173503,12.972497316666667,77.65107981666667,NO PARKING
555,2024-04-08 12:00:00,0.0,0,12,0,0,4,0.0,0.0,0.0,0.0,0.017321816,0.017173503,12.950021587700535,77.52238495294118,NO PARKING
556,2024-04-08 12:00:00,0.0,0,12,0,0,4,0.0,0.0,0.0,0.0,0.017321816,0.017173503,12.969966099999999,77.49696187142857,WRONG PARKING
557,2024-04-08 12:00:00,0.0,0,12,0,0,4,0.0,0.0,0.0,0.0,0.017321816,0.017173503,13.014432962499999,77.538748475,WRONG PARKING
558,2024-04-08 12:00:00,0.0,0,12,0,0,4,0.0,0.0,0.0,0.0,0.017321816,0.017173503,12.920696404000001,77.60048207599999,NO PARKING
559,2024-04-08 12:00:00,0.0,0,12,0,0,4,0.0,0.0,0.0,0.0,0.017321816,0.017173503,12.981055566999999,77.657013003,NO PARKING
560,2024-04-08 12:00:00,0.0,0,12,0,0,4,0.0,0.0,0.0,0.0,0.017321816,0.017173503,12.98497368,77.72849073,WRONG PARKING
561,2024-04-08 12:00:00,0.0,0,12,0,0,4,0.0,0.0,0.0,0.0,0.017321816,0.017173503,12.956110575,77.6019364875,NO PARKING
562,2024-04-08 12:00:00,0.0,0,12,0,0,4,0.0,0.0,0.0,0.0,0.017321816,0.017173503,13.116474926530612,77.5781159755102,NO PARKING
563,2024-04-08 12:00:00,0.0,0,12,0,0,4,0.0,0.0,0.0,0.0,0.017321816,0.017173503,12.9348553625,77.5115274625,PARKING IN A MAIN ROAD
564,2024-04-08 12:00:00,0.0,0,12,0,0,4,0.0,0.0,0.0,0.0,0.017321816,0.017173503,12.994896685714284,77.56588544285715,WRONG PARKING
565,2024-04-08 12:00:00,0.0,0,12,0,0,4,0.0,0.0,0.0,0.0,0.017321816,0.017173503,13.018582,77.76225866,NO PARKING
566,2024-04-08 12:00:00,0.0,0,12,0,0,4,0.0,0.0,0.0,0.0,0.017321816,0.017173503,13.04688592857143,77.58067284285714,WRONG PARKING
567,2024-04-08 12:00:00,0.0,0,12,0,0,4,0.0,0.0,0.0,0.0,0.017321816,0.017173503,12.948386133333335,77.55282058333334,WRONG PARKING
568,2024-04-08 12:00:00,0.0,0,12,0,0,4,0.0,0.0,0.0,0.0,0.017321816,0.017173503,12.997950425,77.5656266875,WRONG PARKING
569,2024-04-08 12:00:00,0.0,0,12,0,0,4,0.0,0.0,0.0,0.0,0.017321816,0.017173503,13.027875309666666,77.51874462266666,WRONG PARKING
570,2024-04-08 12:00:00,0.0,0,12,0,0,4,0.0,0.0,0.0,0.0,0.017321816,0.017173503,13.015097500000001,77.5523507,WRONG PARKING
571,2024-04-08 12:00:00,0.0,0,12,0,0,4,0.0,0.0,0.0,0.0,0.017321816,0.017173503,13.065648685714285,77.57075675,WRONG PARKING
572,2024-04-08 12:00:00,0.0,0,12,0,0,4,0.0,0.0,0.0,0.0,0.017321816,0.017173503,12.913851483333334,77.59999901666667,NO PARKING
573,2024-04-08 12:00:00,0.0,0,12,0,0,4,0.0,0.0,0.0,0.0,0.017321816,0.017173503,12.895204570886076,77.67584004050633,WRONG PARKING
574,2024-04-08 12:00:00,0.0,0,12,0,0,4,0.0,0.0,0.0,0.0,0.017321816,0.017173503,13.044801363636365,77.60112247272728,WRONG PARKING
575,2024-04-08 12:00:00,0.0,0,12,0,0,4,0.0,0.0,0.0,0.0,0.017321816,0.017173503,13.084324999999998,77.582925,WRONG PARKING
576,2024-04-08 12:00:00,0.0,0,12,0,0,4,0.0,0.0,0.0,0.0,0.017321816,0.017173503,12.9166008875,77.6051119375,NO PARKING
577,2024-04-08 12:00:00,0.0,0,12,0,0,4,0.0,0.0,0.0,0.0,0.017321816,0.017173503,13.074276783333334,77.58797028333333,WRONG PARKING
578,2024-04-08 12:00:00,0.0,0,12,0,0,4,0.0,0.0,0.0,0.0,0.017321816,0.017173503,13.021293981,77.678451684,NO PARKING
579,2024-04-08 12:00:00,0.0,0,12,0,0,4,0.0,0.0,0.0,0.0,0.017321816,0.017173503,12.901624533333333,77.63884214166667,WRONG PARKING
580,2024-04-08 12:00:00,0.0,0,12,0,0,4,0.0,0.0,0.0,0.0,0.017321816,0.017173503,12.901421857142859,77.68854287142857,WRONG PARKING
581,2024-04-08 12:00:00,0.0,0,12,0,0,4,0.0,0.0,0.0,0.0,0.017321816,0.017173503,12.964758642857143,77.76161432857143,WRONG PARKING
582,2024-04-08 12:00:00,0.0,0,12,0,0,4,0.0,0.0,0.0,0.0,0.017321816,0.017173503,12.955926999999999,77.72608851999999,NO PARKING
583,2024-04-08 12:00:00,0.0,0,12,0,0,4,0.0,0.0,0.0,0.0,0.017321816,0.017173503,13.04202638,77.52776628000001,NO PARKING
584,2024-04-08 12:00:00,0.0,0,12,0,0,4,0.0,0.0,0.0,0.0,0.017321816,0.017173503,12.96919204,77.51039883333333,WRONG PARKING
585,2024-04-08 12:00:00,0.0,0,12,0,0,4,0.0,0.0,0.0,0.0,0.017321816,0.017173503,12.91994016875,77.58076881562499,WRONG PARKING
586,2024-04-08 12:00:00,0.0,0,12,0,0,4,0.0,0.0,0.0,0.0,0.017321816,0.017173503,12.96609251,77.50925494,WRONG PARKING
587,2024-04-08 12:00:00,0.0,0,12,0,0,4,0.0,0.0,0.0,0.0,0.017321816,0.017173503,12.897901994117646,77.60638921176471,NO PARKING
588,2024-04-08 12:00:00,0.0,0,12,0,0,4,0.0,0.0,0.0,0.0,0.017321816,0.017173503,12.932971355555557,77.48825807777777,WRONG PARKING
589,2024-04-08 12:00:00,0.0,0,12,0,0,4,0.0,0.0,0.0,0.0,0.017321816,0.017173503,12.967650042105262,77.63668938947369,NO PARKING
590,2024-04-08 12:00:00,0.0,0,12,0,0,4,0.0,0.0,0.0,0.0,0.017321816,0.017173503,12.967750141666665,77.65399929166666,NO PARKING
591,2024-04-08 12:00:00,0.0,0,12,0,0,4,0.0,0.0,0.0,0.0,0.017321816,0.017173503,12.990005133333334,77.66322824444445,WRONG PARKING
592,2024-04-08 12:00:00,0.0,0,12,0,0,4,0.0,0.0,0.0,0.0,0.017321816,0.017173503,12.954952019999999,77.68617598,WRONG PARKING
593,2024-04-08 12:00:00,0.0,0,12,0,0,4,0.0,0.0,0.0,0.0,0.017321816,0.017173503,12.946504077777778,77.4871513,WRONG PARKING
594,2024-04-08 12:00:00,0.0,0,12,0,0,4,0.0,0.0,0.0,0.0,0.017321816,0.017173503,13.02538543925926,77.5203141162963,WRONG PARKING
595,2024-04-08 12:00:00,0.0,0,12,0,0,4,0.0,0.0,0.0,0.0,0.017321816,0.017173503,13.18816995,77.64384553333333,NO PARKING
596,2024-04-08 12:00:00,0.0,0,12,0,0,4,0.0,0.0,0.0,0.0,0.017321816,0.017173503,13.175530910526316,77.63548555263158,NO PARKING
597,2024-04-08 12:00:00,0.0,0,12,0,0,4,0.0,0.0,0.0,0.0,0.017321816,0.017173503,13.01442883,77.54818522000001,WRONG PARKING
598,2024-04-08 12:00:00,0.0,0,12,0,0,4,0.0,0.0,0.0,0.0,0.017321816,0.017173503,12.92477890625,77.5751881021875,NO PARKING
599,2024-04-08 12:00:00,0.0,0,12,0,0,4,0.0,0.0,0.0,0.0,0.017321816,0.017173503,12.974072066666666,77.52986155,WRONG PARKING
600,2024-04-08 12:00:00,0.0,0,12,0,0,4,0.0,0.0,0.0,0.0,0.017321816,0.017173503,12.842960905882352,77.68731517647059,PARKING ON FOOTPATH
601,2024-04-08 12:00:00,0.0,0,12,0,0,4,0.0,0.0,0.0,0.0,0.017321816,0.017173503,12.96079702857143,77.68173284285714,NO PARKING
602,2024-04-08 12:00:00,0.0,0,12,0,0,4,0.0,0.0,0.0,0.0,0.017321816,0.017173503,13.0065319625,77.6354029625,WRONG PARKING
603,2024-04-08 12:00:00,0.0,0,12,0,0,4,0.0,0.0,0.0,0.0,0.017321816,0.017173503,13.007141435087718,77.5640119245614,WRONG PARKING
604,2024-04-08 12:00:00,0.0,0,12,0,0,4,0.0,0.0,0.0,0.0,0.017321816,0.017173503,12.966820373863635,77.65828947727273,NO PARKING
605,2024-04-08 12:00:00,0.0,0,12,0,0,4,0.0,0.0,0.0,0.0,0.017321816,0.017173503,12.977901044927536,77.71292086376812,WRONG PARKING
606,2024-04-08 12:00:00,0.0,0,12,0,0,4,0.0,0.0,0.0,0.0,0.017321816,0.017173503,13.00561094,77.56663074000001,WRONG PARKING
607,2024-04-08 12:00:00,0.0,0,12,0,0,4,0.0,0.0,0.0,0.0,0.017321816,0.017173503,12.972976219999998,77.60314581,WRONG PARKING
608,2024-04-08 12:00:00,0.0,0,12,0,0,4,0.0,0.0,0.0,0.0,0.017321816,0.017173503,12.895266233333334,77.62597006666667,NO PARKING
609,2024-04-08 12:00:00,0.0,0,12,0,0,4,0.0,0.0,0.0,0.0,0.017321816,0.017173503,13.015727558333333,77.709378075,PARKING IN A MAIN ROAD
610,2024-04-08 12:00:00,0.0,0,12,0,0,4,0.0,0.0,0.0,0.0,0.017321816,0.017173503,12.933814000000002,77.56241265999999,WRONG PARKING
611,2024-04-08 12:00:00,0.0,0,12,0,0,4,0.0,0.0,0.0,0.0,0.017321816,0.017173503,12.99164858181818,77.52097507272728,WRONG PARKING
612,2024-04-08 12:00:00,0.0,0,12,0,0,4,0.0,0.0,0.0,0.0,0.017321816,0.017173503,12.99167107,77.72043943,WRONG PARKING
613,2024-04-08 12:00:00,0.0,0,12,0,0,4,0.0,0.0,0.0,0.0,0.017321816,0.017173503,12.926411260869566,77.6697722826087,WRONG PARKING
614,2024-04-08 12:00:00,0.0,0,12,0,0,4,0.0,0.0,0.0,0.0,0.017321816,0.017173503,13.022713166666668,77.64780511666667,NO PARKING
615,2024-04-08 12:00:00,0.0,0,12,0,0,4,0.0,0.0,0.0,0.0,0.017321816,0.017173503,13.194410037499999,77.6991265875,NO PARKING
616,2024-04-08 12:00:00,0.0,0,12,0,0,4,0.0,0.0,0.0,0.0,0.017321816,0.017173503,12.919749686666668,77.61301342666667,NO PARKING
617,2024-04-08 12:00:00,0.0,0,12,0,0,4,0.0,0.0,0.0,0.0,0.017321816,0.017173503,13.043661118181818,77.57057345,WRONG PARKING
618,2024-04-08 12:00:00,0.0,0,12,0,0,4,0.0,0.0,0.0,0.0,0.017321816,0.017173503,12.9362113625,77.581141125,WRONG PARKING
619,2024-04-08 12:00:00,0.0,0,12,0,0,4,0.0,0.0,0.0,0.0,0.017321816,0.017173503,13.01150076,77.61341722,NO PARKING
620,2024-04-08 12:00:00,0.0,0,12,0,0,4,0.0,0.0,0.0,0.0,0.017321816,0.017173503,12.922611425,77.5570976375,NO PARKING
621,2024-04-08 12:00:00,0.0,0,12,0,0,4,0.0,0.0,0.0,0.0,0.017321816,0.017173503,13.007128969863015,77.62158880821917,NO PARKING
622,2024-04-08 12:00:00,0.0,0,12,0,0,4,0.0,0.0,0.0,0.0,0.017321816,0.017173503,13.01740818,77.61823932,WRONG PARKING
623,2024-04-08 12:00:00,0.0,0,12,0,0,4,0.0,0.0,0.0,0.0,0.017321816,0.017173503,12.93583644,77.561424734,PARKING IN A MAIN ROAD
624,2024-04-08 12:00:00,0.0,0,12,0,0,4,0.0,0.0,0.0,0.0,0.017321816,0.017173503,13.03340182,77.57220017,WRONG PARKING
625,2024-04-08 12:00:00,0.0,0,12,0,0,4,0.0,0.0,0.0,0.0,0.017321816,0.017173503,13.006570675,77.56584942500001,WRONG PARKING
626,2024-04-08 12:00:00,0.0,0,12,0,0,4,0.0,0.0,0.0,0.0,0.017321816,0.017173503,12.914514985714286,77.5599157,NO PARKING
627,2024-04-08 12:00:00,0.0,0,12,0,0,4,0.0,0.0,0.0,0.0,0.017321816,0.017173503,13.2011934,77.66208662,WRONG PARKING
628,2024-04-08 12:00:00,0.0,0,12,0,0,4,0.0,0.0,0.0,0.0,0.017321816,0.017173503,12.91849764375,77.5597033875,WRONG PARKING
629,2024-04-08 12:00:00,0.0,0,12,0,0,4,0.0,0.0,0.0,0.0,0.017321816,0.017173503,12.860934839999999,77.67471809999999,WRONG PARKING
630,2024-04-08 12:00:00,0.0,0,12,0,0,4,0.0,0.0,0.0,0.0,0.017321816,0.017173503,12.883422831999999,77.636354841,WRONG PARKING
631,2024-04-08 12:00:00,0.0,0,12,0,0,4,0.0,0.0,0.0,0.0,0.017321816,0.017173503,13.072737586666667,77.60361157999999,WRONG PARKING
632,2024-04-08 12:00:00,0.0,0,12,0,0,4,0.0,0.0,0.0,0.0,0.017321816,0.017173503,12.90128650857143,77.70907216,WRONG PARKING
633,2024-04-08 12:00:00,0.0,0,12,0,0,4,0.0,0.0,0.0,0.0,0.017321816,0.017173503,13.1868307,77.6395723,NO PARKING
634,2024-04-08 12:00:00,0.0,0,12,0,0,4,0.0,0.0,0.0,0.0,0.017321816,0.017173503,12.859245428571429,77.70308984285714,NO PARKING
635,2024-04-08 12:00:00,0.0,0,12,0,0,4,0.0,0.0,0.0,0.0,0.017321816,0.017173503,13.058760858333335,77.559150575,NO PARKING
636,2024-04-08 12:00:00,0.0,0,12,0,0,4,0.0,0.0,0.0,0.0,0.017321816,0.017173503,12.985459871698112,77.74565409339623,PARKING IN A MAIN ROAD
637,2024-04-08 12:00:00,0.0,0,12,0,0,4,0.0,0.0,0.0,0.0,0.017321816,0.017173503,12.986702138461538,77.6901161576923,WRONG PARKING
638,2024-04-08 12:00:00,0.0,0,12,0,0,4,0.0,0.0,0.0,0.0,0.017321816,0.017173503,12.958330900000002,77.5352855,NO PARKING
639,2024-04-08 12:00:00,0.0,0,12,0,0,4,0.0,0.0,0.0,0.0,0.017321816,0.017173503,12.960212888235294,77.55421707058824,NO PARKING
640,2024-04-08 12:00:00,0.0,0,12,0,0,4,0.0,0.0,0.0,0.0,0.017321816,0.017173503,12.903519245614035,77.64209047017543,WRONG PARKING
641,2024-04-08 12:00:00,0.0,0,12,0,0,4,0.0,0.0,0.0,0.0,0.017321816,0.017173503,12.998220671428571,77.62830101428573,WRONG PARKING
642,2024-04-08 12:00:00,0.0,0,12,0,0,4,0.0,0.0,0.0,0.0,0.017321816,0.017173503,13.031329083333333,77.63569375,NO PARKING
643,2024-04-08 12:00:00,0.0,0,12,0,0,4,0.0,0.0,0.0,0.0,0.017321816,0.017173503,12.9514079125,77.6038086625,NO PARKING
644,2024-04-08 12:00:00,0.0,0,12,0,0,4,0.0,0.0,0.0,0.0,0.017321816,0.017173503,12.9564107375,77.620990875,WRONG PARKING
645,2024-04-08 12:00:00,0.0,0,12,0,0,4,0.0,0.0,0.0,0.0,0.017321816,0.017173503,12.878911210000002,77.63714942,WRONG PARKING
646,2024-04-08 12:00:00,0.0,0,12,0,0,4,0.0,0.0,0.0,0.0,0.017321816,0.017173503,12.98589208,77.7309264,PARKING IN A MAIN ROAD
647,2024-04-08 12:00:00,0.0,0,12,0,0,4,0.0,0.0,0.0,0.0,0.017321816,0.017173503,12.99635032,77.62129048,NO PARKING
648,2024-04-08 12:00:00,0.0,0,12,0,0,4,0.0,0.0,0.0,0.0,0.017321816,0.017173503,12.919079300000002,77.7362155,NO PARKING
649,2024-04-08 12:00:00,0.0,0,12,0,0,4,0.0,0.0,0.0,0.0,0.017321816,0.017173503,12.909736380000002,77.63510814,WRONG PARKING
650,2024-04-08 12:00:00,0.0,0,12,0,0,4,0.0,0.0,0.0,0.0,0.017321816,0.017173503,12.884954983,77.634956028,WRONG PARKING
651,2024-04-08 12:00:00,0.0,0,12,0,0,4,0.0,0.0,0.0,0.0,0.017321816,0.017173503,12.8932961375,77.61988517500001,WRONG PARKING
652,2024-04-08 12:00:00,0.0,0,12,0,0,4,0.0,0.0,0.0,0.0,0.017321816,0.017173503,13.049884987692309,77.63011889846153,NO PARKING
653,2024-04-08 12:00:00,0.0,0,12,0,0,4,0.0,0.0,0.0,0.0,0.017321816,0.017173503,13.0662886375,77.5323346375,WRONG PARKING
654,2024-04-08 12:00:00,0.0,0,12,0,0,4,0.0,0.0,0.0,0.0,0.017321816,0.017173503,12.96116094,77.71360753,WRONG PARKING
655,2024-04-08 12:00:00,0.0,0,12,0,0,4,0.0,0.0,0.0,0.0,0.017321816,0.017173503,12.91370598,77.56720766,WRONG PARKING
656,2024-04-08 12:00:00,0.0,0,12,0,0,4,0.0,0.0,0.0,0.0,0.017321816,0.017173503,13.07198914,77.57291704000001,WRONG PARKING
657,2024-04-08 12:00:00,0.0,0,12,0,0,4,0.0,0.0,0.0,0.0,0.017321816,0.017173503,13.184553259999998,77.69428636,WRONG PARKING
658,2024-04-08 12:00:00,0.0,0,12,0,0,4,0.0,0.0,0.0,0.0,0.017321816,0.017173503,13.043676308333334,77.58431269166667,NO PARKING
659,2024-04-08 12:00:00,0.0,0,12,0,0,4,0.0,0.0,0.0,0.0,0.017321816,0.017173503,12.8478567,77.65794908000001,WRONG PARKING
660,2024-04-08 12:00:00,0.0,0,12,0,0,4,0.0,0.0,0.0,0.0,0.017321816,0.017173503,12.886065526,77.55721876599999,NO PARKING
661,2024-04-08 12:00:00,0.0,0,12,0,0,4,0.0,0.0,0.0,0.0,0.017321816,0.017173503,12.943293333333333,77.74982465555556,WRONG PARKING
662,2024-04-08 12:00:00,0.0,0,12,0,0,4,0.0,0.0,0.0,0.0,0.017321816,0.017173503,12.954930205882352,77.56602087647059,NO PARKING
663,2024-04-08 12:00:00,0.0,0,12,0,0,4,0.0,0.0,0.0,0.0,0.017321816,0.017173503,13.05665912,77.76756326,WRONG PARKING
664,2024-04-08 12:00:00,0.0,0,12,0,0,4,0.0,0.0,0.0,0.0,0.017321816,0.017173503,12.9894244,77.74874527142858,WRONG PARKING
665,2024-04-08 12:00:00,0.0,0,12,0,0,4,0.0,0.0,0.0,0.0,0.017321816,0.017173503,13.0727163,77.5850587,WRONG PARKING
666,2024-04-08 12:00:00,0.0,0,12,0,0,4,0.0,0.0,0.0,0.0,0.017321816,0.017173503,12.941678869615384,77.56224236653847,WRONG PARKING
667,2024-04-08 12:00:00,0.0,0,12,0,0,4,0.0,0.0,0.0,0.0,0.017321816,0.017173503,12.996541533333334,77.61898193333333,NO PARKING
668,2024-04-08 12:00:00,0.0,0,12,0,0,4,0.0,0.0,0.0,0.0,0.017321816,0.017173503,13.00222506,77.6175851,WRONG PARKING
669,2024-04-08 12:00:00,0.0,0,12,0,0,4,0.0,0.0,0.0,0.0,0.017321816,0.017173503,12.916627742857143,77.644805,WRONG PARKING
670,2024-04-08 12:00:00,0.0,0,12,0,0,4,0.0,0.0,0.0,0.0,0.017321816,0.017173503,12.965999060000001,77.615504,NO PARKING
671,2024-04-08 12:00:00,0.0,0,12,0,0,4,0.0,0.0,0.0,0.0,0.017321816,0.017173503,12.9092521625,77.6394298125,WRONG PARKING
672,2024-04-08 12:00:00,0.0,0,12,0,0,4,0.0,0.0,0.0,0.0,0.017321816,0.017173503,12.95850085,77.53357265,NO PARKING
673,2024-04-08 12:00:00,0.0,0,12,0,0,4,0.0,0.0,0.0,0.0,0.017321816,0.017173503,13.05363958888889,77.62132679999999,NO PARKING
674,2024-04-08 12:00:00,0.0,0,12,0,0,4,0.0,0.0,0.0,0.0,0.017321816,0.017173503,13.004163400000001,77.6229719,NO PARKING
675,2024-04-08 12:00:00,0.0,0,12,0,0,4,0.0,0.0,0.0,0.0,0.017321816,0.017173503,12.9763103,77.52544147142858,WRONG PARKING
676,2024-04-08 12:00:00,0.0,0,12,0,0,4,0.0,0.0,0.0,0.0,0.017321816,0.017173503,12.8775174,77.6024602,NO PARKING
677,2024-04-08 12:00:00,0.0,0,12,0,0,4,0.0,0.0,0.0,0.0,0.017321816,0.017173503,12.88452446,77.60199121,WRONG PARKING
678,2024-04-08 12:00:00,0.0,0,12,0,0,4,0.0,0.0,0.0,0.0,0.017321816,0.017173503,12.949150277777777,77.57004669999999,NO PARKING
679,2024-04-08 12:00:00,0.0,0,12,0,0,4,0.0,0.0,0.0,0.0,0.017321816,0.017173503,12.878812465,77.5954906,WRONG PARKING
680,2024-04-08 12:00:00,0.0,0,12,0,0,4,0.0,0.0,0.0,0.0,0.017321816,0.017173503,12.99718341,77.67153004,PARKING IN A MAIN ROAD
681,2024-04-08 12:00:00,0.0,0,12,0,0,4,0.0,0.0,0.0,0.0,0.017321816,0.017173503,12.954909759999998,77.57532427999999,WRONG PARKING
682,2024-04-08 12:00:00,0.0,0,12,0,0,4,0.0,0.0,0.0,0.0,0.017321816,0.017173503,12.96223275,77.57181165,NO PARKING
683,2024-04-08 12:00:00,0.0,0,12,0,0,4,0.0,0.0,0.0,0.0,0.017321816,0.017173503,12.956997450000001,77.73757121666667,NO PARKING
684,2024-04-08 12:00:00,0.0,0,12,0,0,4,0.0,0.0,0.0,0.0,0.017321816,0.017173503,12.917941426666667,77.56441363333333,WRONG PARKING
685,2024-04-08 12:00:00,0.0,0,12,0,0,4,0.0,0.0,0.0,0.0,0.017321816,0.017173503,12.9608584,77.5023634,WRONG PARKING
686,2024-04-08 12:00:00,0.0,0,12,0,0,4,0.0,0.0,0.0,0.0,0.017321816,0.017173503,13.021978033333333,77.55323695,WRONG PARKING
687,2024-04-08 12:00:00,0.0,0,12,0,0,4,0.0,0.0,0.0,0.0,0.017321816,0.017173503,12.96208225,77.56421865,NO PARKING
688,2024-04-08 12:00:00,0.0,0,12,0,0,4,0.0,0.0,0.0,0.0,0.017321816,0.017173503,12.9569105,77.5502551625,NO PARKING
689,2024-04-08 12:00:00,0.0,0,12,0,0,4,0.0,0.0,0.0,0.0,0.017321816,0.017173503,13.1820686,77.6958299,WRONG PARKING
690,2024-04-08 12:00:00,0.0,0,12,0,0,4,0.0,0.0,0.0,0.0,0.017321816,0.017173503,12.859926833333333,77.64766271666667,WRONG PARKING
691,2024-04-08 12:00:00,0.0,0,12,0,0,4,0.0,0.0,0.0,0.0,0.017321816,0.017173503,12.882589364666668,77.64966049666667,WRONG PARKING
692,2024-04-08 12:00:00,0.0,0,12,0,0,4,0.0,0.0,0.0,0.0,0.017321816,0.017173503,12.96909372,77.55479127999999,WRONG PARKING
5,2024-04-08 12:00:00,0.0,0,12,0,0,4,0.0,0.0,0.0,0.0,0.017321816,0.017173503,12.957784517405232,77.70150237977042,NO PARKING
694,2024-04-08 12:00:00,0.0,0,12,0,0,4,0.0,0.0,0.0,0.0,0.017321816,0.017173503,13.0955782,77.58335156000001,WRONG PARKING
695,2024-04-08 12:00:00,0.0,0,12,0,0,4,0.0,0.0,0.0,0.0,0.017321816,0.017173503,13.094232646153845,77.5812000076923,WRONG PARKING
696,2024-04-08 12:00:00,0.0,0,12,0,0,4,0.0,0.0,0.0,0.0,0.017321816,0.017173503,12.980601222222221,77.72080127777778,WRONG PARKING
697,2024-04-08 12:00:00,0.0,0,12,0,0,4,0.0,0.0,0.0,0.0,0.017321816,0.017173503,12.980342477777777,77.72729565555557,WRONG PARKING
698,2024-04-08 12:00:00,0.0,0,12,0,0,4,0.0,0.0,0.0,0.0,0.017321816,0.017173503,12.9969158,77.5752096,WRONG PARKING
699,2024-04-08 12:00:00,0.0,0,12,0,0,4,0.0,0.0,0.0,0.0,0.017321816,0.017173503,12.88710992,77.649718817,WRONG PARKING
700,2024-04-08 12:00:00,0.0,0,12,0,0,4,0.0,0.0,0.0,0.0,0.017321816,0.017173503,13.09113385,77.59679493333333,PARKING IN A MAIN ROAD
701,2024-04-08 12:00:00,0.0,0,12,0,0,4,0.0,0.0,0.0,0.0,0.017321816,0.017173503,12.9091183,77.5771533,WRONG PARKING
702,2024-04-08 12:00:00,0.0,0,12,0,0,4,0.0,0.0,0.0,0.0,0.017321816,0.017173503,13.00059401,77.621780065,NO PARKING
703,2024-04-08 12:00:00,0.0,0,12,0,0,4,0.0,0.0,0.0,0.0,0.017321816,0.017173503,12.975641645454546,77.53450094545454,WRONG PARKING
704,2024-04-08 12:00:00,0.0,0,12,0,0,4,0.0,0.0,0.0,0.0,0.017321816,0.017173503,13.006619942857142,77.58378022857143,NO PARKING
705,2024-04-08 12:00:00,0.0,0,12,0,0,4,0.0,0.0,0.0,0.0,0.017321816,0.017173503,13.050796892307691,77.51525883846153,WRONG PARKING
706,2024-04-08 12:00:00,0.0,0,12,0,0,4,0.0,0.0,0.0,0.0,0.017321816,0.017173503,13.0060866625,77.7514058375,WRONG PARKING
707,2024-04-08 12:00:00,0.0,0,12,0,0,4,0.0,0.0,0.0,0.0,0.017321816,0.017173503,12.8737428,77.6434699,WRONG PARKING
20,2024-04-08 12:00:00,0.0,0,12,0,0,4,0.0,0.0,0.0,0.0,0.017321816,0.017173503,12.9247547,77.51789526,NO PARKING
0,2024-04-08 12:00:00,0.0,0,12,0,0,4,0.0,0.0,0.0,0.0,0.017321816,0.017173503,12.93458873876639,77.69021716697057,NO PARKING
710,2024-04-08 12:00:00,0.0,0,12,0,0,4,0.0,0.0,0.0,0.0,0.017321816,0.017173503,12.96556824,77.59246044,WRONG PARKING
711,2024-04-08 12:00:00,0.0,0,12,0,0,4,0.0,0.0,0.0,0.0,0.017321816,0.017173503,12.974551625,77.5572570875,NO PARKING
712,2024-04-08 12:00:00,0.0,0,12,0,0,4,0.0,0.0,0.0,0.0,0.017321816,0.017173503,12.981760683333334,77.63384463333334,WRONG PARKING
713,2024-04-08 12:00:00,0.0,0,12,0,0,4,0.0,0.0,0.0,0.0,0.017321816,0.017173503,12.915108531034484,77.6158164551724,WRONG PARKING
714,2024-04-08 12:00:00,0.0,0,12,0,0,4,0.0,0.0,0.0,0.0,0.017321816,0.017173503,12.967708525,77.5412014625,WRONG PARKING
715,2024-04-08 12:00:00,0.0,0,12,0,0,4,0.0,0.0,0.0,0.0,0.017321816,0.017173503,12.914019286000002,77.54679284599999,PARKING IN A MAIN ROAD
716,2024-04-08 12:00:00,0.0,0,12,0,0,4,0.0,0.0,0.0,0.0,0.017321816,0.017173503,12.98863972,77.44879888,WRONG PARKING
717,2024-04-08 12:00:00,0.0,0,12,0,0,4,0.0,0.0,0.0,0.0,0.017321816,0.017173503,12.951495679999999,77.52945417999999,NO PARKING
718,2024-04-08 12:00:00,0.0,0,12,0,0,4,0.0,0.0,0.0,0.0,0.017321816,0.017173503,12.92855766,77.591671928,WRONG PARKING
719,2024-04-08 12:00:00,0.0,0,12,0,0,4,0.0,0.0,0.0,0.0,0.017321816,0.017173503,13.0721156,77.60562947999999,WRONG PARKING
720,2024-04-08 12:00:00,0.0,0,12,0,0,4,0.0,0.0,0.0,0.0,0.017321816,0.017173503,13.0059965875,77.620648321875,WRONG PARKING
721,2024-04-08 12:00:00,0.0,0,12,0,0,4,0.0,0.0,0.0,0.0,0.017321816,0.017173503,13.054466542857142,77.48208740714286,WRONG PARKING
722,2024-04-08 12:00:00,0.0,0,12,0,0,4,0.0,0.0,0.0,0.0,0.017321816,0.017173503,13.055959208333334,77.63244381666667,NO PARKING
723,2024-04-08 12:00:00,0.0,0,12,0,0,4,0.0,0.0,0.0,0.0,0.017321816,0.017173503,13.014364513333334,77.55681032666666,WRONG PARKING
3,2024-04-08 12:00:00,0.0,0,12,0,0,4,0.0,0.0,0.0,0.0,0.017321816,0.017173503,12.998361069512844,77.67284278581192,PARKING IN A MAIN ROAD
